ci,primer_nombre,segundo_nombre,email,genero,tipo_hab,celular,llegada,salida
13502927,Evered,Ralestone,eralestone0@ask.com,Male,doble,(648) 8757440,14/10/2023,19/10/2023
13369274,Berna,Lawly,blawly1@privacy.gov.au,Female,doble,(984) 2395498,15/08/2023,21/08/2023
17614312,Marti,Meconi,mmeconi2@mozilla.org,Female,suite,(581) 7713030,12/08/2023,18/08/2023
18383175,Jennifer,Allworthy,jallworthy3@squidoo.com,Female,doble,(647) 9910223,02/10/2023,09/10/2023
12902463,Kalli,Rickhuss,krickhuss4@nyu.edu,Female,doble,(161) 8724477,02/07/2023,17/07/2023
14597844,Julianna,Gauld,jgauld5@dailymotion.com,Female,simple,(214) 5216557,05/07/2023,17/07/2023
17347235,Debera,Cohen,dcohen6@scientificamerican.com,Female,triple,(277) 7802138,26/09/2023,29/09/2023
15505394,Zuzana,Winram,zwinram7@live.com,Female,triple,(293) 5536835,02/09/2023,24/09/2023
14677365,Hilary,Richmont,hrichmont8@php.net,Male,simple,(518) 6947876,19/10/2023,30/10/2023
14547410,Bartlet,Drake,bdrake9@reverbnation.com,Male,simple,(901) 2347817,15/07/2023,07/08/2023
17977663,Ammamaria,Halesworth,ahaleswortha@furl.net,Female,simple,(963) 2082240,03/09/2023,04/09/2023
10045058,Griffith,Clell,gclellb@symantec.com,Male,simple,(532) 2645839,17/10/2023,26/10/2023
14613766,Marga,Simondson,msimondsonc@goodreads.com,Female,simple,(646) 2958017,13/09/2023,03/10/2023
11365920,Jacobo,Penswick,jpenswickd@jimdo.com,Male,simple,(558) 4661206,31/07/2023,09/08/2023
18840272,Candace,Millward,cmillwarde@ebay.com,Female,triple,(242) 8342132,06/07/2023,21/07/2023
17327585,Amberly,Philippe,aphilippef@who.int,Female,doble,(303) 6913488,16/10/2023,17/10/2023
15074560,Lewiss,Goullee,lgoulleeg@cmu.edu,Male,simple,(513) 7757283,15/07/2023,29/07/2023
19504241,Ronny,Langcastle,rlangcastleh@arstechnica.com,Male,suite,(896) 4584049,24/09/2023,10/10/2023
10243861,Dario,Barnsdall,dbarnsdalli@quantcast.com,Male,triple,(831) 2531889,23/09/2023,04/10/2023
15364420,Mauricio,Mongin,mmonginj@fema.gov,Agender,suite,(318) 1013004,12/09/2023,01/10/2023
17153797,Calv,Vida,cvidak@arizona.edu,Male,simple,(695) 5102539,10/08/2023,02/09/2023
13343014,Nickola,Rosendale,nrosendalel@cyberchimps.com,Male,simple,(354) 6897760,30/09/2023,23/10/2023
14058881,Lesya,Rossetti,lrossettim@craigslist.org,Female,doble,(987) 6792971,04/07/2023,25/07/2023
17699097,Onofredo,Panner,opannern@twitter.com,Male,triple,(606) 4720551,14/08/2023,21/08/2023
16711167,Demott,Bagg,dbaggo@mozilla.org,Male,suite,(223) 5315766,10/07/2023,21/07/2023
16728924,Linzy,Truelove,ltruelovep@infoseek.co.jp,Female,doble,(935) 4795236,18/07/2023,19/07/2023
10572095,Kahaleel,Thorndycraft,kthorndycraftq@java.com,Male,doble,(666) 2303768,05/09/2023,10/09/2023
15785544,Angel,Dudmesh,adudmeshr@independent.co.uk,Male,triple,(670) 9519646,22/07/2023,01/08/2023
14326653,Dierdre,Barus,dbaruss@google.co.uk,Female,simple,(289) 6618035,24/08/2023,02/09/2023
14713015,Antonino,McAlpin,amcalpint@fc2.com,Male,doble,(956) 1784758,30/09/2023,18/10/2023
14158639,Deonne,Bampton,dbamptonu@amazon.de,Polygender,triple,(847) 2457455,13/07/2023,30/07/2023
13117834,Enos,Coard,ecoardv@sciencedirect.com,Male,doble,(785) 2325170,01/10/2023,26/10/2023
19895391,Staford,Chaulk,schaulkw@friendfeed.com,Male,suite,(243) 8552063,02/07/2023,24/07/2023
13942957,Ab,Romushkin,aromushkinx@altervista.org,Male,simple,(607) 3868216,26/09/2023,21/10/2023
15721049,Mord,Hinz,mhinzy@miitbeian.gov.cn,Male,simple,(795) 8217856,08/10/2023,15/10/2023
13955232,Zilvia,Jeanequin,zjeanequinz@hao123.com,Female,triple,(648) 8128222,29/08/2023,31/08/2023
14308420,Ogden,Hamil,ohamil10@adobe.com,Male,triple,(129) 9868401,13/07/2023,05/08/2023
18272608,Shaun,McKnockiter,smcknockiter11@merriam-webster.com,Male,triple,(614) 7562006,22/07/2023,16/08/2023
14607180,Gypsy,Haylett,ghaylett12@people.com.cn,Female,triple,(936) 1460109,06/09/2023,09/09/2023
19287547,Carey,Rochford,crochford13@wiley.com,Female,suite,(500) 5378149,11/10/2023,18/10/2023
18812043,Lauryn,Filby,lfilby14@networksolutions.com,Female,doble,(983) 7859371,05/08/2023,18/08/2023
14827496,Lamar,Matchitt,lmatchitt15@hexun.com,Male,triple,(573) 7277748,07/08/2023,13/08/2023
10518575,Bail,Iskov,biskov16@gmpg.org,Male,suite,(502) 4724060,11/09/2023,13/09/2023
18680368,Ingaberg,Sirman,isirman17@mlb.com,Bigender,simple,(359) 3498201,03/08/2023,07/08/2023
15592405,Adore,Jorissen,ajorissen18@youtube.com,Female,doble,(266) 4287977,27/10/2023,9/11/2023
10569711,Renaldo,Sleicht,rsleicht19@army.mil,Male,doble,(352) 4302811,11/07/2023,27/07/2023
12992876,Lorin,Rolland,lrolland1a@angelfire.com,Male,simple,(871) 8569737,16/07/2023,26/07/2023
15032512,Wainwright,Wilcock,wwilcock1b@foxnews.com,Male,suite,(632) 4709698,21/08/2023,05/09/2023
12795407,Kippar,Collard,kcollard1c@jigsy.com,Male,suite,(849) 4347544,23/08/2023,11/09/2023
10491123,Lenci,Vasyutochkin,lvasyutochkin1d@walmart.com,Male,simple,(525) 2260104,23/09/2023,28/09/2023
10579316,Amie,Vigietti,avigietti1e@huffingtonpost.com,Female,doble,(422) 6439555,22/07/2023,28/07/2023
14857042,Tonye,Dosedale,tdosedale1f@youtube.com,Female,doble,(993) 9573279,29/10/2023,1/11/2023
11159395,Taryn,Chubb,tchubb1g@berkeley.edu,Female,doble,(398) 3092969,04/07/2023,22/07/2023
15274746,Erinn,Kenright,ekenright1h@abc.net.au,Agender,simple,(345) 7994200,06/10/2023,26/10/2023
13998249,Karry,Godby,kgodby1i@sitemeter.com,Female,triple,(999) 4296822,06/09/2023,15/09/2023
10128367,Ephrayim,Penticost,epenticost1j@bloglovin.com,Male,doble,(234) 1802524,11/09/2023,17/09/2023
12959048,Karlee,Mor,kmor1k@princeton.edu,Female,doble,(616) 2950678,06/07/2023,15/07/2023
18464762,Jude,Diben,jdiben1l@mayoclinic.com,Genderqueer,doble,(345) 1586091,18/10/2023,3/11/2023
18512963,Imogen,Rubinlicht,irubinlicht1m@ycombinator.com,Female,suite,(121) 3918031,05/08/2023,10/08/2023
13502092,Dolly,Alwood,dalwood1n@hostgator.com,Female,triple,(719) 1912752,02/09/2023,22/09/2023
10592209,Liam,Lello,llello1o@woothemes.com,Male,triple,(656) 2437079,26/07/2023,29/07/2023
11270362,Ellynn,Redfern,eredfern1p@friendfeed.com,Female,doble,(121) 6846491,15/09/2023,18/09/2023
13223307,Jacky,McCarlie,jmccarlie1q@ibm.com,Agender,doble,(677) 2692236,26/07/2023,04/08/2023
19990695,Tiphani,Plumridge,tplumridge1r@yahoo.com,Agender,suite,(203) 9796203,22/08/2023,30/08/2023
15580552,Merrielle,Canter,mcanter1s@ezinearticles.com,Genderfluid,triple,(545) 8258365,17/08/2023,20/08/2023
10110169,Paige,Regnard,pregnard1t@ocn.ne.jp,Genderfluid,doble,(486) 8789514,14/09/2023,09/10/2023
17735968,Marchall,Jestico,mjestico1u@oracle.com,Male,suite,(661) 5672650,02/08/2023,19/08/2023
13883835,Emmi,Bransby,ebransby1v@bloglines.com,Female,triple,(593) 7016209,29/09/2023,02/10/2023
14154608,Jess,Preshaw,jpreshaw1w@icio.us,Female,suite,(187) 5115779,18/10/2023,29/10/2023
19534966,Bobette,Lebell,blebell1x@guardian.co.uk,Female,suite,(770) 1243503,07/07/2023,27/07/2023
13760770,Lynn,Pakenham,lpakenham1y@europa.eu,Female,simple,(239) 9075056,25/09/2023,28/09/2023
12001645,Sergent,Venners,svenners1z@google.com.au,Male,suite,(274) 6161077,12/09/2023,14/09/2023
19747726,Albrecht,McPike,amcpike20@friendfeed.com,Male,simple,(279) 4686040,08/08/2023,17/08/2023
14320126,Goran,Else,gelse21@t-online.de,Male,triple,(999) 8911938,04/08/2023,21/08/2023
12176331,Hughie,Scapelhorn,hscapelhorn22@nsw.gov.au,Male,triple,(206) 6002277,20/10/2023,30/10/2023
14654052,Garrik,Blinerman,gblinerman23@bloglovin.com,Male,suite,(455) 7099891,25/10/2023,10/11/2023
13159594,Erda,Wolford,ewolford24@state.tx.us,Female,simple,(334) 6589121,12/07/2023,01/08/2023
17001507,Claudio,Godwin,cgodwin25@yandex.ru,Male,simple,(631) 5898782,14/07/2023,15/07/2023
17665712,Arabela,Warstall,awarstall26@jalbum.net,Female,suite,(705) 4773256,16/10/2023,22/10/2023
19060405,Carlin,Spargo,cspargo27@jimdo.com,Female,doble,(292) 2201116,20/10/2023,28/10/2023
13491182,Mandel,Moulin,mmoulin28@google.de,Male,triple,(767) 1118226,07/08/2023,17/08/2023
18504686,Amabel,Mancell,amancell29@zdnet.com,Female,doble,(441) 2832967,04/09/2023,21/09/2023
13046475,Nikoletta,Corrigan,ncorrigan2a@seesaa.net,Female,suite,(742) 6006412,24/08/2023,03/09/2023
10409729,Ilsa,Beert,ibeert2b@ucoz.com,Female,triple,(419) 5158651,04/10/2023,05/10/2023
18128402,Tremain,Sealeaf,tsealeaf2c@usa.gov,Male,simple,(592) 5082879,20/09/2023,15/10/2023
18055109,Letty,Zeale,lzeale2d@hostgator.com,Female,triple,(859) 3278333,19/10/2023,4/11/2023
18920562,Fraze,Pawelski,fpawelski2e@acquirethisname.com,Male,doble,(502) 3201501,06/10/2023,19/10/2023
10247768,Cortie,Seywood,cseywood2f@sciencedirect.com,Male,suite,(368) 7720465,17/07/2023,20/07/2023
12844254,Shandra,Naden,snaden2g@tinyurl.com,Female,suite,(470) 3383792,05/07/2023,22/07/2023
17539210,Jany,McCurtain,jmccurtain2h@hatena.ne.jp,Female,doble,(899) 2567249,21/09/2023,06/10/2023
10742357,Marianne,Wenger,mwenger2i@dailymotion.com,Bigender,suite,(681) 6492555,23/09/2023,18/10/2023
18049404,Whitaker,Maruszewski,wmaruszewski2j@newyorker.com,Male,doble,(491) 1078095,06/08/2023,18/08/2023
11190819,Aluino,Sutherington,asutherington2k@com.com,Male,suite,(632) 5798285,07/07/2023,31/07/2023
17045246,Sadella,McVeighty,smcveighty2l@hostgator.com,Female,triple,(742) 6303647,11/08/2023,21/08/2023
16598700,Parker,Bome,pbome2m@scribd.com,Genderqueer,doble,(986) 2551836,16/08/2023,17/08/2023
19741918,Carlyn,Kohneke,ckohneke2n@intel.com,Female,triple,(169) 9928913,02/09/2023,04/09/2023
11658842,Ellerey,Sommerly,esommerly2o@ftc.gov,Male,suite,(587) 2968907,17/08/2023,28/08/2023
19827743,Shayne,Fitzjohn,sfitzjohn2p@goodreads.com,Male,simple,(921) 3207178,27/07/2023,10/08/2023
17939458,Damara,Schruurs,dschruurs2q@huffingtonpost.com,Female,triple,(705) 2057492,29/10/2023,12/11/2023
14926393,Faber,Windous,fwindous2r@ucsd.edu,Male,doble,(967) 6015121,18/09/2023,26/09/2023
15160860,Andrey,Drewet,adrewet2s@cpanel.net,Agender,suite,(491) 1464147,14/09/2023,08/10/2023
12293511,Tana,Giles,tgiles2t@mapquest.com,Female,doble,(901) 9434642,16/09/2023,29/09/2023
18159896,Kasper,Levee,klevee2u@webnode.com,Male,simple,(312) 8966672,11/10/2023,29/10/2023
19565308,Ginger,Tinklin,gtinklin2v@sogou.com,Male,simple,(501) 2501286,03/10/2023,13/10/2023
15071325,Lanita,Peyes,lpeyes2w@examiner.com,Polygender,simple,(646) 2259417,04/09/2023,07/09/2023
15746422,Stanislas,Hodgen,shodgen2x@123-reg.co.uk,Male,suite,(585) 4843343,30/08/2023,08/09/2023
15414207,Merell,Wyllcocks,mwyllcocks2y@unicef.org,Male,suite,(777) 9671444,16/10/2023,10/11/2023
13186534,Denny,Wason,dwason2z@squarespace.com,Male,triple,(298) 2541103,23/09/2023,28/09/2023
12922153,Perceval,Curuclis,pcuruclis30@wikia.com,Male,triple,(298) 2685976,20/07/2023,26/07/2023
11695054,Bryna,Romanini,bromanini31@eventbrite.com,Female,triple,(495) 8936396,12/09/2023,23/09/2023
19676819,Zebulon,O'Mailey,zomailey32@blogtalkradio.com,Male,triple,(864) 1220512,28/09/2023,21/10/2023
17020790,Jose,Farrah,jfarrah33@geocities.com,Male,triple,(541) 2675933,31/07/2023,17/08/2023
19378816,Luke,Symones,lsymones34@state.tx.us,Male,triple,(909) 7533586,31/08/2023,07/09/2023
15639552,Lorianna,MacElane,lmacelane35@sourceforge.net,Female,suite,(508) 3898637,11/10/2023,27/10/2023
14074746,Adham,Verner,averner36@accuweather.com,Male,suite,(707) 4024877,26/10/2023,6/11/2023
13910826,Uri,Copplestone,ucopplestone37@usgs.gov,Male,simple,(105) 3415315,13/10/2023,30/10/2023
12246040,Gertrud,Licence,glicence38@furl.net,Agender,suite,(226) 3176430,10/07/2023,01/08/2023
19133766,Dian,Matusiak,dmatusiak39@bizjournals.com,Agender,simple,(994) 5957140,05/10/2023,07/10/2023
11825428,Charil,McIlvaney,cmcilvaney3a@4shared.com,Female,doble,(165) 2087623,11/10/2023,24/10/2023
10382336,Alexandr,Snar,asnar3b@youtube.com,Male,simple,(240) 7638980,27/10/2023,16/11/2023
17922615,Gaspard,Jiroudek,gjiroudek3c@acquirethisname.com,Male,suite,(437) 6207154,12/10/2023,27/10/2023
11740372,Claude,Isacq,cisacq3d@epa.gov,Female,suite,(325) 7922216,22/10/2023,30/10/2023
11195370,Livvie,Archell,larchell3e@springer.com,Female,doble,(646) 3934017,19/09/2023,24/09/2023
11895799,Barbara-anne,Diemer,bdiemer3f@list-manage.com,Female,simple,(612) 2495250,04/08/2023,14/08/2023
15275933,Rossie,Lavigne,rlavigne3g@sphinn.com,Male,suite,(908) 6352942,25/10/2023,29/10/2023
19935683,Charlie,Tame,ctame3h@51.la,Male,triple,(169) 8947749,12/07/2023,05/08/2023
16777992,Muhammad,Abson,mabson3i@fema.gov,Male,suite,(975) 3928802,04/08/2023,14/08/2023
18966445,Petronilla,Rothchild,prothchild3j@mysql.com,Female,doble,(501) 4635171,21/10/2023,25/10/2023
14994085,Eben,Triggs,etriggs3k@prweb.com,Male,triple,(652) 5088053,08/09/2023,01/10/2023
19823561,Brenda,Ramas,bramas3l@elpais.com,Female,doble,(516) 7410422,20/09/2023,03/10/2023
19741609,Ardeen,Hollow,ahollow3m@youtube.com,Female,simple,(216) 8010675,09/08/2023,27/08/2023
19802448,Andrei,Ricciardelli,aricciardelli3n@va.gov,Female,triple,(172) 5546519,30/08/2023,04/09/2023
16109910,Hobart,Benadette,hbenadette3o@ihg.com,Male,doble,(224) 6422962,02/10/2023,07/10/2023
16238032,Lutero,Oliveto,loliveto3p@cnet.com,Male,doble,(973) 2462831,25/09/2023,28/09/2023
17853923,Olenolin,Elverstone,oelverstone3q@illinois.edu,Genderqueer,triple,(146) 3140031,08/07/2023,16/07/2023
12210228,Noell,Munning,nmunning3r@miitbeian.gov.cn,Female,simple,(243) 3514112,19/08/2023,01/09/2023
18499738,Harriett,McSherry,hmcsherry3s@mediafire.com,Polygender,suite,(681) 9836226,12/09/2023,05/10/2023
10594482,Arny,Fike,afike3t@furl.net,Male,suite,(731) 3290282,07/10/2023,18/10/2023
12130871,Ezekiel,Geer,egeer3u@skyrock.com,Male,triple,(406) 7846152,06/09/2023,18/09/2023
13452871,Sylvia,Seakes,sseakes3v@live.com,Female,doble,(149) 1465939,25/10/2023,9/11/2023
14695760,Marina,Hoofe,mhoofe3w@gmpg.org,Female,suite,(957) 7927139,24/08/2023,13/09/2023
17895924,Charlotte,Ravenshear,cravenshear3x@usa.gov,Genderfluid,simple,(441) 8518266,01/09/2023,03/09/2023
10656328,Wang,Counsell,wcounsell3y@google.cn,Male,triple,(289) 2165819,30/07/2023,17/08/2023
11854370,Cristionna,Muttitt,cmuttitt3z@arizona.edu,Female,doble,(875) 5624038,25/09/2023,02/10/2023
15000584,Launce,Neillans,lneillans40@imageshack.us,Male,doble,(585) 5526127,06/08/2023,14/08/2023
14034688,Brucie,Attock,battock41@wikipedia.org,Male,triple,(218) 1493409,21/07/2023,08/08/2023
15484073,Aldous,Tiddy,atiddy42@hugedomains.com,Male,doble,(386) 6342336,23/08/2023,02/09/2023
16754102,Paddy,Hambleton,phambleton43@cmu.edu,Male,simple,(342) 7818293,25/09/2023,08/10/2023
19911774,Traci,Anthonies,tanthonies44@slideshare.net,Female,triple,(952) 1016914,04/10/2023,21/10/2023
16151486,Dolph,Dorin,ddorin45@economist.com,Male,simple,(407) 6597060,22/07/2023,16/08/2023
13052322,Tamera,Seeley,tseeley46@4shared.com,Female,doble,(456) 1504660,05/07/2023,15/07/2023
12286407,Jervis,Longworth,jlongworth47@opensource.org,Male,doble,(619) 3385817,27/10/2023,6/11/2023
16216005,Townie,Taffie,ttaffie48@nytimes.com,Male,triple,(414) 2976391,15/08/2023,17/08/2023
16033474,Harbert,Poncet,hponcet49@w3.org,Male,doble,(656) 6879040,21/07/2023,02/08/2023
17213106,Deck,Rapsey,drapsey4a@businesswire.com,Male,simple,(103) 6844516,12/07/2023,13/07/2023
16533663,Harv,Jillitt,hjillitt4b@tmall.com,Male,doble,(419) 6287498,09/08/2023,11/08/2023
18119966,Sally,Verlander,sverlander4c@theatlantic.com,Female,doble,(418) 9114639,16/09/2023,11/10/2023
10485167,Hugibert,Forshaw,hforshaw4d@hc360.com,Male,simple,(295) 4558175,03/08/2023,25/08/2023
10764231,Tracy,Coughtrey,tcoughtrey4e@senate.gov,Female,doble,(311) 4164224,07/09/2023,15/09/2023
10753851,Morgen,Kasher,mkasher4f@stumbleupon.com,Female,doble,(996) 8303086,15/10/2023,31/10/2023
12624323,Molly,Donisthorpe,mdonisthorpe4g@delicious.com,Female,doble,(541) 5707169,17/08/2023,02/09/2023
16000700,Lari,Klasing,lklasing4h@cnbc.com,Female,suite,(148) 5662947,24/08/2023,04/09/2023
17486484,Lawry,Patshull,lpatshull4i@wufoo.com,Male,simple,(227) 3061556,26/07/2023,08/08/2023
11728046,Ritchie,Chillingworth,rchillingworth4j@edublogs.org,Male,suite,(653) 2989637,10/07/2023,28/07/2023
13949121,Bernette,Worgan,bworgan4k@ustream.tv,Female,suite,(571) 4018267,02/08/2023,14/08/2023
16942178,Melosa,Farleigh,mfarleigh4l@tuttocitta.it,Polygender,doble,(806) 2563939,03/10/2023,05/10/2023
13843835,Dionne,Fisby,dfisby4m@hud.gov,Female,doble,(864) 8659305,01/07/2023,09/07/2023
19796186,Rudolph,Bygreaves,rbygreaves4n@cbc.ca,Male,triple,(395) 6870465,12/09/2023,27/09/2023
14882887,Mag,Lowings,mlowings4o@istockphoto.com,Female,simple,(705) 4955356,25/07/2023,05/08/2023
14600563,Morry,Manion,mmanion4p@tripod.com,Male,simple,(848) 8105591,14/10/2023,21/10/2023
12782870,Reece,Smallcomb,rsmallcomb4q@indiegogo.com,Male,doble,(601) 1274643,02/10/2023,09/10/2023
10033344,Odo,Rickett,orickett4r@sakura.ne.jp,Male,doble,(247) 3370122,19/10/2023,2/11/2023
19668314,Fayth,Vaughten,fvaughten4s@yellowbook.com,Female,triple,(323) 7476051,08/07/2023,14/07/2023
18100843,Guillema,Dacca,gdacca4t@sun.com,Female,triple,(250) 5062383,17/07/2023,19/07/2023
14846723,Adolph,Lehmann,alehmann4u@is.gd,Male,triple,(206) 5030855,22/10/2023,23/10/2023
15841181,Orella,Yashin,oyashin4v@wunderground.com,Female,simple,(316) 7475476,25/09/2023,08/10/2023
10768840,Pepi,Harmond,pharmond4w@boston.com,Female,suite,(762) 7859177,05/07/2023,16/07/2023
12080215,Hobart,Tremblet,htremblet4x@mlb.com,Male,doble,(109) 3680007,22/10/2023,26/10/2023
14122516,Eberhard,Aitkin,eaitkin4y@dell.com,Bigender,suite,(198) 6687874,24/08/2023,29/08/2023
17976410,Clayborn,Cawthera,ccawthera4z@friendfeed.com,Male,doble,(858) 8612804,14/09/2023,02/10/2023
11581274,Dorris,Friese,dfriese50@furl.net,Female,simple,(842) 2593558,04/07/2023,08/07/2023
15230564,Mitchel,Pinar,mpinar51@pagesperso-orange.fr,Male,triple,(801) 4394421,16/10/2023,6/11/2023
14576308,Rebbecca,Tidball,rtidball52@addthis.com,Female,triple,(483) 5309092,27/08/2023,29/08/2023
15839535,Brocky,Cereceres,bcereceres53@google.com.hk,Male,suite,(441) 6389791,03/10/2023,24/10/2023
17377678,Roland,Bilt,rbilt54@booking.com,Male,triple,(117) 1882717,27/07/2023,28/07/2023
14716560,Linc,Ruttgers,lruttgers55@aboutads.info,Male,suite,(455) 1659165,06/09/2023,24/09/2023
13895064,Humfried,Sherville,hsherville56@whitehouse.gov,Male,suite,(522) 4946141,16/08/2023,02/09/2023
17785710,Julia,Pipworth,jpipworth57@marketwatch.com,Female,triple,(705) 5710390,04/10/2023,27/10/2023
13160208,Lois,MacNeilage,lmacneilage58@icio.us,Genderfluid,simple,(730) 5360117,04/09/2023,21/09/2023
18936153,Rubin,Leechman,rleechman59@marriott.com,Male,doble,(971) 2465210,27/08/2023,02/09/2023
12716333,Sebastiano,Haizelden,shaizelden5a@house.gov,Non-binary,triple,(192) 5621076,10/10/2023,15/10/2023
13121378,Dulcie,Lilie,dlilie5b@icio.us,Female,suite,(369) 3693767,21/09/2023,10/10/2023
14842783,Augustus,Larver,alarver5c@zdnet.com,Genderfluid,doble,(406) 8322493,04/10/2023,14/10/2023
16495627,Justinn,Lippo,jlippo5d@google.co.uk,Genderqueer,suite,(905) 6965386,26/09/2023,04/10/2023
11812494,Arri,Ragsdale,aragsdale5e@mapy.cz,Male,doble,(148) 2600953,11/10/2023,2/11/2023
19809446,Mathe,Pendred,mpendred5f@japanpost.jp,Male,suite,(826) 8034180,11/10/2023,13/10/2023
18310474,Jojo,Maun,jmaun5g@patch.com,Bigender,simple,(848) 2252703,28/09/2023,11/10/2023
15468493,Thane,Bartalot,tbartalot5h@wiley.com,Male,doble,(280) 3440300,16/10/2023,27/10/2023
15440554,Bennett,Selland,bselland5i@google.com,Male,triple,(262) 4476396,22/08/2023,25/08/2023
15067443,Zita,Dickin,zdickin5j@opera.com,Female,simple,(506) 9296695,15/08/2023,20/08/2023
15006167,Ethe,Osment,eosment5k@diigo.com,Male,triple,(504) 9803591,22/08/2023,16/09/2023
15107725,Falkner,Negri,fnegri5l@bloglovin.com,Male,doble,(148) 9383278,08/08/2023,23/08/2023
19839656,Barrie,Morrice,bmorrice5m@whitehouse.gov,Female,doble,(615) 1554162,28/08/2023,10/09/2023
14516669,Otes,Sebyer,osebyer5n@chronoengine.com,Male,simple,(905) 4972224,25/09/2023,04/10/2023
17842744,Bradley,Charles,bcharles5o@bloglines.com,Male,doble,(283) 2075666,25/09/2023,02/10/2023
10150721,Lilian,Dewsbury,ldewsbury5p@jimdo.com,Female,suite,(782) 9696760,08/07/2023,01/08/2023
12558024,Salmon,Deering,sdeering5q@hao123.com,Genderqueer,doble,(468) 5227158,07/07/2023,25/07/2023
13313906,Jarrad,Kelsow,jkelsow5r@163.com,Male,simple,(743) 5922750,01/09/2023,03/09/2023
11300086,Mikel,Addlestone,maddlestone5s@ca.gov,Male,simple,(996) 9108921,17/08/2023,05/09/2023
19762575,Luci,Hansmann,lhansmann5t@msu.edu,Female,doble,(708) 6830793,02/08/2023,24/08/2023
16176400,Delano,Legate,dlegate5u@soundcloud.com,Male,triple,(588) 9792326,08/08/2023,10/08/2023
17008959,Elmore,Weathey,eweathey5v@digg.com,Male,suite,(318) 7120233,18/08/2023,22/08/2023
13438880,Free,Woodall,fwoodall5w@addthis.com,Male,suite,(927) 6067251,19/09/2023,13/10/2023
19555339,Anabella,Rudloff,arudloff5x@ibm.com,Female,suite,(665) 7583591,12/08/2023,16/08/2023
12523849,Dinnie,Exley,dexley5y@reddit.com,Female,doble,(121) 2746369,13/09/2023,07/10/2023
14435260,Max,O'Loughane,moloughane5z@furl.net,Male,doble,(667) 7522001,20/08/2023,06/09/2023
11361864,Scottie,Baxster,sbaxster60@sun.com,Polygender,triple,(990) 3477297,03/10/2023,21/10/2023
18875028,Dalila,Ewbanks,dewbanks61@sina.com.cn,Female,simple,(610) 9486123,14/09/2023,29/09/2023
17051478,Ulrikaumeko,Tremolieres,utremolieres62@cpanel.net,Genderqueer,triple,(561) 2382967,14/09/2023,09/10/2023
15715489,Sheila-kathryn,Lear,slear63@weebly.com,Female,doble,(755) 2125396,21/10/2023,8/11/2023
12715508,Tailor,Celier,tcelier64@wiley.com,Male,simple,(480) 9542533,30/07/2023,24/08/2023
19517016,Henka,Klauer,hklauer65@whitehouse.gov,Female,simple,(276) 2272246,03/09/2023,13/09/2023
10136822,Michell,Josuweit,mjosuweit66@clickbank.net,Female,doble,(102) 6053947,20/10/2023,31/10/2023
17314730,Blair,Plews,bplews67@apple.com,Polygender,simple,(865) 3807551,24/10/2023,12/11/2023
11557793,Elyssa,Lilleycrop,elilleycrop68@cisco.com,Female,triple,(544) 1019966,15/08/2023,17/08/2023
11322627,Tatiania,Buckthorp,tbuckthorp69@prlog.org,Female,doble,(335) 7148743,11/09/2023,26/09/2023
16869070,Wyndham,Osborn,wosborn6a@1688.com,Male,triple,(530) 4390745,06/08/2023,17/08/2023
11454133,Neddie,Sprason,nsprason6b@deliciousdays.com,Male,suite,(530) 1408745,07/09/2023,27/09/2023
11066699,Ellette,Vannucci,evannucci6c@toplist.cz,Female,doble,(154) 7358737,03/08/2023,12/08/2023
18834657,Eugenie,Freak,efreak6d@ask.com,Female,triple,(488) 9334981,29/08/2023,16/09/2023
11025436,Darnall,Landreth,dlandreth6e@fc2.com,Non-binary,doble,(436) 8237429,28/08/2023,12/09/2023
12176499,Kylynn,Boyn,kboyn6f@bluehost.com,Female,simple,(338) 2102673,06/08/2023,07/08/2023
13090401,Marten,MacKowle,mmackowle6g@phoca.cz,Male,doble,(199) 8631079,05/08/2023,14/08/2023
18046239,Early,Voff,evoff6h@amazon.com,Male,doble,(461) 5726472,18/08/2023,19/08/2023
13739142,Bessy,Helsby,bhelsby6i@blogger.com,Female,simple,(231) 2660865,26/09/2023,15/10/2023
15875510,Lothaire,Glanz,lglanz6j@fotki.com,Male,triple,(215) 3885064,19/08/2023,29/08/2023
12428237,Sunshine,Torresi,storresi6k@irs.gov,Non-binary,doble,(510) 6462029,28/07/2023,17/08/2023
11014832,Gris,Cordey,gcordey6l@globo.com,Male,doble,(959) 8183624,11/08/2023,02/09/2023
19024619,Antonetta,Ghiroldi,aghiroldi6m@usatoday.com,Female,simple,(620) 5492753,13/09/2023,16/09/2023
10742786,Nye,Francklin,nfrancklin6n@noaa.gov,Male,triple,(759) 7846890,08/07/2023,29/07/2023
18305227,Sephira,Bisterfeld,sbisterfeld6o@webnode.com,Female,doble,(352) 9281389,18/08/2023,05/09/2023
18432754,Orsa,Alford,oalford6p@blog.com,Female,triple,(174) 1476751,28/09/2023,11/10/2023
19804679,Cathleen,Kirley,ckirley6q@accuweather.com,Female,simple,(290) 1736496,23/09/2023,24/09/2023
19758496,Loutitia,Anten,lanten6r@timesonline.co.uk,Polygender,suite,(416) 7075915,24/09/2023,30/09/2023
12184585,Madalena,O'Coskerry,mocoskerry6s@ed.gov,Genderfluid,triple,(955) 9683531,22/07/2023,16/08/2023
10495991,Hilde,Fearick,hfearick6t@histats.com,Female,doble,(548) 1937516,29/07/2023,20/08/2023
16953679,Krystyna,Minchinton,kminchinton6u@hugedomains.com,Female,suite,(109) 6600445,18/10/2023,11/11/2023
19228716,Leopold,Hoggan,lhoggan6v@wikia.com,Male,simple,(916) 8412689,30/08/2023,03/09/2023
18712211,Teriann,Rosebotham,trosebotham6w@typepad.com,Female,doble,(404) 9509739,13/08/2023,20/08/2023
11467092,Pauli,Renn,prenn6x@deviantart.com,Female,simple,(288) 9089164,05/07/2023,20/07/2023
13405992,Lib,Balazot,lbalazot6y@trellian.com,Genderfluid,suite,(942) 1150827,15/07/2023,26/07/2023
19497746,Seana,Delamaine,sdelamaine6z@cisco.com,Female,doble,(247) 3937370,26/07/2023,15/08/2023
16009356,Andie,Skittrall,askittrall70@lycos.com,Bigender,triple,(560) 9447370,04/07/2023,17/07/2023
15640030,Claudine,Braxton,cbraxton71@g.co,Female,simple,(674) 3001337,09/07/2023,27/07/2023
18475274,Franny,Summerlee,fsummerlee72@tinyurl.com,Female,triple,(333) 1680240,09/08/2023,26/08/2023
12268525,Kandace,Thirwell,kthirwell73@ebay.co.uk,Female,doble,(574) 1860019,05/10/2023,28/10/2023
14935077,Madelyn,Nuemann,mnuemann74@guardian.co.uk,Female,doble,(161) 6790855,01/09/2023,17/09/2023
14151592,Vera,Cartin,vcartin75@berkeley.edu,Bigender,triple,(372) 3968875,13/07/2023,17/07/2023
10627840,Kelcie,Wrack,kwrack76@naver.com,Female,simple,(645) 6971334,11/09/2023,24/09/2023
18001744,Frederigo,Haythorn,fhaythorn77@amazon.com,Male,doble,(733) 4888378,08/10/2023,10/10/2023
10844474,Levy,Loram,lloram78@linkedin.com,Male,suite,(599) 3320896,12/09/2023,21/09/2023
17056744,Pavlov,Egerton,pegerton79@admin.ch,Male,simple,(689) 7666077,20/08/2023,26/08/2023
16416175,Merry,Jedrzaszkiewicz,mjedrzaszkiewicz7a@macromedia.com,Male,simple,(149) 4293798,04/09/2023,13/09/2023
14285924,Willy,Canti,wcanti7b@goodreads.com,Male,triple,(482) 4732860,14/07/2023,24/07/2023
16475196,Emlynn,Kime,ekime7c@gov.uk,Female,simple,(278) 4569114,31/07/2023,10/08/2023
12961397,Sondra,Le Gall,slegall7d@disqus.com,Female,suite,(880) 6749526,09/10/2023,12/10/2023
12728431,Billie,Paulino,bpaulino7e@barnesandnoble.com,Bigender,doble,(109) 7100549,23/07/2023,26/07/2023
18233667,Phylys,Finnemore,pfinnemore7f@ucoz.ru,Female,doble,(403) 9197615,24/08/2023,03/09/2023
16422758,Petey,Rittelmeyer,prittelmeyer7g@berkeley.edu,Male,simple,(497) 5551009,29/07/2023,04/08/2023
12601293,Malia,Purbrick,mpurbrick7h@prlog.org,Female,triple,(760) 9091667,04/08/2023,11/08/2023
11844088,Dulcy,Keysall,dkeysall7i@bloglines.com,Female,doble,(148) 6584644,19/08/2023,25/08/2023
14300519,Dick,Sprulls,dsprulls7j@indiatimes.com,Male,doble,(826) 2440474,02/08/2023,07/08/2023
17020069,Stanton,Lassells,slassells7k@timesonline.co.uk,Male,triple,(812) 9157877,30/07/2023,02/08/2023
15734783,Cybill,Pickworth,cpickworth7l@walmart.com,Female,simple,(222) 3856708,06/07/2023,30/07/2023
17905802,Gwenneth,Bedinham,gbedinham7m@quantcast.com,Female,simple,(972) 6676183,09/08/2023,02/09/2023
15090351,Carie,Fassbindler,cfassbindler7n@comcast.net,Female,suite,(257) 4770939,20/10/2023,22/10/2023
15371449,Anita,Lahy,alahy7o@cornell.edu,Female,triple,(327) 6958996,31/08/2023,16/09/2023
13848373,Danyette,Darrigone,ddarrigone7p@va.gov,Female,doble,(425) 2293165,29/08/2023,14/09/2023
16116883,Rozalie,Gandy,rgandy7q@stanford.edu,Female,suite,(765) 1343887,25/07/2023,02/08/2023
14362538,Zak,Ibotson,zibotson7r@nhs.uk,Male,suite,(233) 4515053,16/09/2023,25/09/2023
18335557,Hedwig,Gowlett,hgowlett7s@e-recht24.de,Female,triple,(424) 3178557,10/09/2023,27/09/2023
15267502,Rolfe,Telling,rtelling7t@youtube.com,Male,triple,(788) 6942720,19/07/2023,12/08/2023
13815279,Erastus,McKeighan,emckeighan7u@themeforest.net,Male,simple,(530) 5660785,10/08/2023,26/08/2023
19719616,Valerye,Plackstone,vplackstone7v@biglobe.ne.jp,Female,triple,(312) 1956239,07/08/2023,18/08/2023
14322731,Shaine,Winram,swinram7w@mapy.cz,Female,triple,(394) 4794289,05/10/2023,27/10/2023
15571683,Harli,Eddisford,heddisford7x@icq.com,Female,doble,(598) 3458807,08/09/2023,01/10/2023
11053675,Windy,Cartledge,wcartledge7y@ebay.co.uk,Female,suite,(291) 6876137,13/09/2023,27/09/2023
19633322,Lorain,McMenemy,lmcmenemy7z@dyndns.org,Female,suite,(434) 2030741,18/07/2023,29/07/2023
17163272,Fidole,Barbe,fbarbe80@cocolog-nifty.com,Male,doble,(673) 5842086,26/08/2023,08/09/2023
14185101,Marta,Kopman,mkopman81@samsung.com,Female,simple,(222) 8908028,31/08/2023,15/09/2023
10932437,Elnora,Dietsche,edietsche82@canalblog.com,Female,triple,(506) 6461657,02/08/2023,16/08/2023
12643858,Donny,Garard,dgarard83@disqus.com,Male,doble,(749) 3962783,03/10/2023,12/10/2023
10499140,Fionna,Rozsa,frozsa84@blogger.com,Female,simple,(607) 1353827,30/09/2023,25/10/2023
19548404,Putnem,Blethin,pblethin85@wikipedia.org,Male,suite,(293) 7815631,23/09/2023,15/10/2023
17899809,Burty,Eggleton,beggleton86@earthlink.net,Genderqueer,triple,(960) 1101026,20/10/2023,22/10/2023
11379845,Howie,Lehrer,hlehrer87@huffingtonpost.com,Male,simple,(874) 7418252,03/08/2023,19/08/2023
15194433,Zara,Thorwarth,zthorwarth88@123-reg.co.uk,Female,triple,(364) 6983635,18/09/2023,22/09/2023
10747852,Mart,Grishagin,mgrishagin89@spiegel.de,Male,triple,(619) 8616474,21/08/2023,29/08/2023
14523864,Demetris,Fellgatt,dfellgatt8a@printfriendly.com,Female,simple,(358) 7187699,03/09/2023,05/09/2023
14289114,Shanan,Causby,scausby8b@alexa.com,Male,simple,(791) 5868249,21/07/2023,12/08/2023
14819402,Lenore,Howard,lhoward8c@redcross.org,Female,simple,(607) 9337492,01/08/2023,18/08/2023
10661470,Calvin,Kuhn,ckuhn8d@cpanel.net,Male,triple,(338) 9061763,10/08/2023,14/08/2023
16838096,Vick,Palomba,vpalomba8e@people.com.cn,Male,simple,(217) 5776458,07/10/2023,09/10/2023
11922284,Margot,Fison,mfison8f@blog.com,Female,simple,(547) 7852668,13/10/2023,3/11/2023
12622303,Teddi,Larkby,tlarkby8g@vk.com,Female,doble,(920) 4268862,18/10/2023,24/10/2023
17217308,Lari,Rieflin,lrieflin8h@illinois.edu,Female,simple,(594) 9217838,14/07/2023,02/08/2023
14112195,Roseanne,Discombe,rdiscombe8i@loc.gov,Female,triple,(991) 1656780,17/10/2023,18/10/2023
11890904,Halli,Bolles,hbolles8j@noaa.gov,Female,simple,(869) 4674798,16/07/2023,24/07/2023
11021765,Ruttger,Bamblett,rbamblett8k@desdev.cn,Male,doble,(725) 1101209,09/09/2023,16/09/2023
16122723,Harris,Semkins,hsemkins8l@dailymotion.com,Male,suite,(327) 9850548,16/10/2023,7/11/2023
16283397,Erin,Rignall,erignall8m@icio.us,Polygender,triple,(659) 5298056,25/08/2023,09/09/2023
19047299,Antony,Lilliman,alilliman8n@flickr.com,Male,simple,(764) 4556934,14/10/2023,31/10/2023
11638782,Dynah,Vinter,dvinter8o@bloglovin.com,Female,doble,(307) 8504139,07/08/2023,16/08/2023
11133500,Walt,Gimbart,wgimbart8p@mayoclinic.com,Polygender,simple,(429) 6632637,03/08/2023,08/08/2023
14551490,Perkin,Broxton,pbroxton8q@ibm.com,Male,doble,(950) 5591439,01/07/2023,16/07/2023
19102940,Homer,Annatt,hannatt8r@vkontakte.ru,Male,doble,(846) 2493044,17/09/2023,09/10/2023
17235003,Lucius,Sherel,lsherel8s@whitehouse.gov,Male,doble,(212) 8112735,18/10/2023,9/11/2023
15113561,Shaughn,Jaquin,sjaquin8t@gravatar.com,Male,doble,(426) 8822204,12/10/2023,3/11/2023
19576010,Gretchen,Di Angelo,gdiangelo8u@hostgator.com,Female,doble,(878) 1007915,06/07/2023,31/07/2023
18612423,Berkeley,Piegrome,bpiegrome8v@oaic.gov.au,Agender,doble,(553) 9603347,09/09/2023,23/09/2023
13779468,Wrennie,McNerlin,wmcnerlin8w@arstechnica.com,Female,doble,(964) 4997661,14/08/2023,26/08/2023
10310000,Udell,Holleran,uholleran8x@alexa.com,Male,suite,(854) 6333617,13/07/2023,22/07/2023
17966299,Kyle,Sketh,ksketh8y@symantec.com,Female,simple,(865) 7667233,21/07/2023,02/08/2023
14079563,Alvan,Maber,amaber8z@microsoft.com,Male,triple,(948) 2487284,28/07/2023,15/08/2023
11001162,Hi,Banyard,hbanyard90@odnoklassniki.ru,Male,suite,(480) 7055315,28/10/2023,7/11/2023
15097993,Rolf,Regelous,rregelous91@php.net,Male,suite,(577) 6409787,01/07/2023,05/07/2023
11960232,Odilia,Screach,oscreach92@ucsd.edu,Female,simple,(233) 4186480,04/09/2023,06/09/2023
16607598,Maureene,Elrick,melrick93@howstuffworks.com,Female,triple,(510) 4548790,14/07/2023,17/07/2023
14845305,Frasquito,Cloutt,fcloutt94@liveinternet.ru,Male,triple,(407) 5196355,29/10/2023,17/11/2023
16612739,Bertina,Ludgrove,bludgrove95@bizjournals.com,Female,suite,(474) 1576591,30/07/2023,13/08/2023
12013165,Abbey,Kunc,akunc96@cpanel.net,Female,simple,(318) 2647443,14/08/2023,08/09/2023
17976804,Sollie,Silkston,ssilkston97@odnoklassniki.ru,Male,triple,(521) 2533326,15/07/2023,18/07/2023
16525278,Addie,Slyvester,aslyvester98@berkeley.edu,Female,suite,(187) 4298107,02/07/2023,06/07/2023
11013237,Myrlene,Slimming,mslimming99@cmu.edu,Female,simple,(995) 7566018,21/08/2023,05/09/2023
19239491,Monique,Bransgrove,mbransgrove9a@ocn.ne.jp,Female,doble,(233) 2150095,25/07/2023,08/08/2023
12744076,Herby,Gladyer,hgladyer9b@archive.org,Male,suite,(386) 7078852,26/09/2023,18/10/2023
11671608,Constantine,Franke,cfranke9c@timesonline.co.uk,Male,doble,(516) 2439464,23/10/2023,16/11/2023
14636300,Windy,Demcik,wdemcik9d@wikimedia.org,Non-binary,triple,(717) 4810074,07/07/2023,22/07/2023
10414090,Angelico,Kruger,akruger9e@reddit.com,Male,simple,(434) 9119883,07/10/2023,27/10/2023
11942065,Broddy,Oaker,boaker9f@amazon.co.jp,Male,triple,(636) 3497972,20/07/2023,08/08/2023
11028576,Randall,Vedekhov,rvedekhov9g@cnn.com,Male,doble,(178) 5117160,07/08/2023,26/08/2023
15943706,Malcolm,Doonican,mdoonican9h@php.net,Male,triple,(369) 6971349,31/08/2023,08/09/2023
16873502,Jeni,Lampens,jlampens9i@ovh.net,Female,triple,(192) 3039313,18/09/2023,10/10/2023
15220035,Wendeline,Testo,wtesto9j@php.net,Female,simple,(716) 1933063,07/10/2023,08/10/2023
16204908,Willy,Bohlens,wbohlens9k@bravesites.com,Genderfluid,simple,(902) 7250052,30/07/2023,06/08/2023
19645508,Willey,Paladino,wpaladino9l@goodreads.com,Male,triple,(827) 8073779,31/07/2023,18/08/2023
16396195,Irv,Culligan,iculligan9m@blogger.com,Male,triple,(393) 7852110,06/08/2023,29/08/2023
15578877,Amata,Thirlaway,athirlaway9n@1und1.de,Agender,doble,(155) 1905453,12/07/2023,31/07/2023
14840230,Maddy,Malenoir,mmalenoir9o@nps.gov,Male,simple,(684) 8927560,09/09/2023,28/09/2023
10986567,Nobe,Touret,ntouret9p@liveinternet.ru,Male,doble,(829) 2667973,24/08/2023,03/09/2023
11455541,Allie,Phant,aphant9q@reddit.com,Male,triple,(501) 4060238,14/10/2023,8/11/2023
19366262,Timothee,Laybourne,tlaybourne9r@msn.com,Male,doble,(827) 2921390,12/08/2023,03/09/2023
12369040,Marlowe,Parman,mparman9s@goo.ne.jp,Male,doble,(919) 5645360,23/08/2023,01/09/2023
14829367,Mari,Bernat,mbernat9t@army.mil,Female,triple,(628) 2813759,17/07/2023,31/07/2023
16647366,Lowrance,Dunbleton,ldunbleton9u@ucoz.ru,Bigender,doble,(645) 6798571,05/09/2023,20/09/2023
11902550,Randi,McCane,rmccane9v@dagondesign.com,Female,simple,(183) 4400327,30/08/2023,06/09/2023
19417851,Ingaborg,Ruthen,iruthen9w@is.gd,Female,simple,(588) 1197923,01/08/2023,23/08/2023
17199131,Granthem,Vousden,gvousden9x@nhs.uk,Male,doble,(488) 7108384,15/07/2023,22/07/2023
11920092,Flor,Barthel,fbarthel9y@mashable.com,Female,triple,(131) 1700416,16/08/2023,05/09/2023
14838516,Collette,Handrok,chandrok9z@furl.net,Female,suite,(237) 7702643,20/07/2023,06/08/2023
10480315,Pip,Rubens,prubensa0@tuttocitta.it,Polygender,simple,(400) 8274926,22/09/2023,06/10/2023
16629028,Claudette,Grebert,cgreberta1@narod.ru,Female,suite,(731) 3491270,27/08/2023,29/08/2023
10993333,Rochelle,Doleman,rdolemana2@odnoklassniki.ru,Female,triple,(500) 1986923,13/07/2023,19/07/2023
17161247,Nate,Joicey,njoiceya3@t-online.de,Male,triple,(400) 1582056,18/07/2023,28/07/2023
11081093,Twila,Clace,tclacea4@newsvine.com,Female,simple,(818) 2171297,07/07/2023,14/07/2023
16384007,Linnea,Mullen,lmullena5@macromedia.com,Non-binary,simple,(116) 5253452,21/07/2023,22/07/2023
14566790,Lorrin,Binnall,lbinnalla6@amazon.com,Bigender,doble,(519) 1904841,22/07/2023,11/08/2023
10370748,Ferd,Bampkin,fbampkina7@paginegialle.it,Male,doble,(621) 5107092,06/08/2023,16/08/2023
10198762,Byram,Peterkin,bpeterkina8@washington.edu,Male,simple,(978) 2455669,24/08/2023,12/09/2023
10008018,Rolfe,Harring,rharringa9@ask.com,Male,doble,(981) 5722223,07/09/2023,14/09/2023
19541485,Felita,Widd,fwiddaa@multiply.com,Female,simple,(741) 7363455,26/10/2023,16/11/2023
11496190,Butch,Addington,baddingtonab@oakley.com,Male,simple,(710) 7462099,23/07/2023,09/08/2023
19837806,Burnaby,Maudson,bmaudsonac@wufoo.com,Male,doble,(436) 9056038,31/08/2023,02/09/2023
10066432,Martica,Tremathack,mtremathackad@issuu.com,Female,simple,(508) 4961297,16/08/2023,27/08/2023
18053369,Brear,Aireton,bairetonae@wired.com,Female,suite,(186) 9730927,11/07/2023,17/07/2023
12909829,Oneida,Cromack,ocromackaf@wix.com,Genderfluid,triple,(529) 2308444,23/09/2023,16/10/2023
18982820,Pandora,Hawkwood,phawkwoodag@networkadvertising.org,Female,suite,(664) 9631089,14/08/2023,06/09/2023
16871363,Odie,Boyse,oboyseah@tripadvisor.com,Male,triple,(228) 3194040,20/09/2023,28/09/2023
13333646,Moe,Copping,mcoppingai@people.com.cn,Male,triple,(608) 1297002,08/08/2023,14/08/2023
19599517,Gweneth,Traite,gtraiteaj@yandex.ru,Genderqueer,suite,(997) 8861631,19/09/2023,27/09/2023
10921871,Kip,Cazin,kcazinak@4shared.com,Male,simple,(614) 5190893,14/09/2023,01/10/2023
10848870,Finley,Prinn,fprinnal@ed.gov,Male,triple,(724) 2458782,19/07/2023,20/07/2023
17915183,Trevar,Denman,tdenmanam@nydailynews.com,Genderqueer,suite,(891) 5229506,04/08/2023,08/08/2023
17773728,Petr,Candie,pcandiean@sitemeter.com,Male,simple,(502) 8849716,16/08/2023,30/08/2023
16122213,Lorrie,Scottesmoor,lscottesmoorao@nba.com,Female,triple,(930) 5457003,06/08/2023,17/08/2023
16041119,Elly,Ratazzi,eratazziap@tmall.com,Female,simple,(505) 7209076,18/07/2023,31/07/2023
10757365,Rosita,Stonehouse,rstonehouseaq@liveinternet.ru,Genderfluid,simple,(376) 6058516,10/08/2023,12/08/2023
16304800,Cece,Shuttlewood,cshuttlewoodar@homestead.com,Male,simple,(154) 7841224,15/07/2023,21/07/2023
19851293,Devonne,Howson,dhowsonas@hhs.gov,Agender,triple,(137) 6008439,13/07/2023,24/07/2023
15664254,Ethelind,Croome,ecroomeat@cornell.edu,Female,suite,(713) 3141917,10/08/2023,11/08/2023
12508409,Frasco,Dearden,fdeardenau@lycos.com,Male,simple,(141) 8379061,03/10/2023,17/10/2023
14895334,Eirena,Byneth,ebynethav@usgs.gov,Female,doble,(117) 8566903,14/07/2023,01/08/2023
10642578,Harriot,Worsnip,hworsnipaw@wired.com,Female,simple,(798) 1010644,05/07/2023,10/07/2023
11821784,Matthaeus,Keepence,mkeepenceax@nbcnews.com,Male,simple,(166) 7286591,15/10/2023,4/11/2023
10135453,Clarey,Edens,cedensay@ovh.net,Female,doble,(789) 6810729,17/07/2023,10/08/2023
16340404,Vallie,Widdall,vwiddallaz@dmoz.org,Female,doble,(791) 5890408,07/08/2023,21/08/2023
18423085,Hendrick,Casa,hcasab0@thetimes.co.uk,Polygender,doble,(586) 8555759,24/07/2023,01/08/2023
15607724,Inesita,Pignon,ipignonb1@4shared.com,Female,triple,(500) 9479765,16/08/2023,08/09/2023
16196593,Keenan,Oki,kokib2@japanpost.jp,Agender,suite,(783) 5627257,10/08/2023,24/08/2023
13353340,Jacklyn,Olyonov,jolyonovb3@vimeo.com,Female,suite,(871) 9827566,18/08/2023,24/08/2023
13998868,Maddi,Pearde,mpeardeb4@thetimes.co.uk,Female,simple,(219) 6345134,02/07/2023,25/07/2023
16562725,Orlando,Mattussevich,omattussevichb5@pbs.org,Male,doble,(609) 4925555,24/10/2023,30/10/2023
16426703,Dniren,Pinsent,dpinsentb6@sciencedirect.com,Female,suite,(982) 3181760,27/10/2023,21/11/2023
19325402,Buddie,Huelin,bhuelinb7@google.cn,Male,simple,(406) 1086081,18/07/2023,03/08/2023
12210403,Jessalyn,Salack,jsalackb8@patch.com,Female,triple,(679) 9868225,14/08/2023,27/08/2023
17363741,Laryssa,Pyner,lpynerb9@live.com,Female,triple,(566) 8075489,23/09/2023,17/10/2023
16067172,Elwin,Wardle,ewardleba@weibo.com,Male,triple,(137) 5155266,16/08/2023,08/09/2023
19772533,Karla,Landeaux,klandeauxbb@multiply.com,Female,triple,(525) 7636226,22/07/2023,26/07/2023
12944628,Zelma,Forre,zforrebc@ovh.net,Bigender,triple,(147) 7770161,08/08/2023,22/08/2023
15133976,Pansy,Moseley,pmoseleybd@wisc.edu,Female,simple,(260) 3484667,03/07/2023,16/07/2023
19158322,Odessa,Aberkirder,oaberkirderbe@cocolog-nifty.com,Female,doble,(825) 3496581,31/07/2023,19/08/2023
14563314,Winifield,Leatherbarrow,wleatherbarrowbf@berkeley.edu,Male,simple,(172) 3100237,10/07/2023,03/08/2023
17289031,Loydie,Sivil,lsivilbg@cornell.edu,Male,simple,(102) 7512073,02/10/2023,24/10/2023
12060169,Payton,Olyunin,polyuninbh@tumblr.com,Male,triple,(670) 3036200,11/09/2023,05/10/2023
17173347,Cori,Willoughley,cwilloughleybi@instagram.com,Male,doble,(177) 8236495,17/07/2023,19/07/2023
10282826,Flory,Minard,fminardbj@salon.com,Male,triple,(435) 9291562,05/09/2023,13/09/2023
16220287,Marylee,Crummay,mcrummaybk@zimbio.com,Female,doble,(635) 6161625,26/08/2023,10/09/2023
15455548,Godfree,Looks,glooksbl@photobucket.com,Male,triple,(656) 5983422,04/07/2023,19/07/2023
15693126,Gabey,Milton-White,gmiltonwhitebm@census.gov,Female,simple,(553) 4005419,20/08/2023,30/08/2023
18412386,Archy,Neggrini,aneggrinibn@drupal.org,Male,triple,(671) 5343261,05/08/2023,15/08/2023
10611276,Westbrook,Hartnell,whartnellbo@1688.com,Male,doble,(204) 5723222,29/09/2023,22/10/2023
13302526,Culver,Jenson,cjensonbp@imdb.com,Male,simple,(193) 8455110,08/10/2023,21/10/2023
15444404,Amandi,MacGille,amacgillebq@google.de,Female,triple,(137) 2090704,03/09/2023,06/09/2023
11504900,Kipper,Roset,krosetbr@eventbrite.com,Male,simple,(788) 3371354,22/07/2023,12/08/2023
17093124,Randi,Thonger,rthongerbs@slashdot.org,Male,simple,(692) 5009087,27/07/2023,30/07/2023
17433495,Bridgette,Gallihaulk,bgallihaulkbt@com.com,Female,suite,(121) 3951467,18/08/2023,24/08/2023
10456566,Lauree,Cheatle,lcheatlebu@ucla.edu,Female,suite,(243) 2205106,05/09/2023,19/09/2023
10247651,Chandler,Blazynski,cblazynskibv@linkedin.com,Male,doble,(793) 6409526,22/08/2023,05/09/2023
17724571,Pen,Lawrenceson,plawrencesonbw@moonfruit.com,Male,triple,(848) 6588108,24/10/2023,6/11/2023
16003292,Skell,Knowlton,sknowltonbx@biblegateway.com,Male,suite,(812) 2605866,01/08/2023,05/08/2023
18921069,Candra,Yaldren,cyaldrenby@irs.gov,Female,doble,(420) 3459759,17/09/2023,25/09/2023
17843327,Seumas,Grandisson,sgrandissonbz@howstuffworks.com,Male,doble,(677) 1972039,13/10/2023,4/11/2023
13666463,Barnett,Cranke,bcrankec0@admin.ch,Male,doble,(376) 4759663,24/08/2023,03/09/2023
11854545,Garrott,Crosen,gcrosenc1@usatoday.com,Male,simple,(223) 4850484,14/07/2023,17/07/2023
19823806,Vernice,Comar,vcomarc2@jalbum.net,Genderfluid,simple,(713) 6404291,17/10/2023,10/11/2023
16393120,Shadow,Orwell,sorwellc3@mozilla.com,Male,doble,(776) 4620425,24/09/2023,05/10/2023
17035388,Camile,Meiner,cmeinerc4@nature.com,Female,doble,(739) 7657353,23/07/2023,07/08/2023
15181181,Kasper,Ort,kortc5@eepurl.com,Genderqueer,triple,(610) 9330885,25/10/2023,29/10/2023
13880965,Nicol,Silkston,nsilkstonc6@ftc.gov,Male,suite,(958) 1308206,05/09/2023,25/09/2023
14107662,Fredi,Winchcum,fwinchcumc7@pinterest.com,Female,triple,(924) 5810445,24/07/2023,27/07/2023
13064435,Randy,Coultass,rcoultassc8@zimbio.com,Male,doble,(895) 7482225,23/08/2023,01/09/2023
19567588,Nerta,Yantsurev,nyantsurevc9@odnoklassniki.ru,Female,triple,(299) 8438874,26/07/2023,09/08/2023
19189117,Philip,Lockart,plockartca@facebook.com,Male,suite,(302) 1387520,09/08/2023,12/08/2023
12230318,Ashil,Mixture,amixturecb@zdnet.com,Female,simple,(658) 1138357,18/08/2023,30/08/2023
14579452,Brenn,Glayzer,bglayzercc@friendfeed.com,Female,doble,(966) 8300321,26/10/2023,31/10/2023
13595276,Karlotte,Berthe,kberthecd@patch.com,Female,suite,(579) 4439522,26/07/2023,03/08/2023
13289857,Ranna,Reichardt,rreichardtce@g.co,Female,suite,(968) 5603680,21/09/2023,28/09/2023
15886517,Mathilda,Glidder,mgliddercf@jugem.jp,Female,suite,(879) 1877975,04/09/2023,17/09/2023
19266119,Libbey,Oke,lokecg@patch.com,Female,simple,(484) 1496621,08/08/2023,13/08/2023
11438340,Claudianus,Kendell,ckendellch@statcounter.com,Male,suite,(242) 8890064,14/08/2023,31/08/2023
16429181,Idell,Hellwich,ihellwichci@tuttocitta.it,Female,triple,(174) 5796126,04/09/2023,15/09/2023
19181481,Zebulon,Doudney,zdoudneycj@google.nl,Male,doble,(383) 4301154,30/08/2023,05/09/2023
16986984,Maxie,Linsay,mlinsayck@dmoz.org,Genderfluid,suite,(770) 8244892,27/08/2023,11/09/2023
18188678,Bevin,Poppy,bpoppycl@surveymonkey.com,Male,simple,(472) 9519484,17/10/2023,10/11/2023
14394316,Teddy,Canedo,tcanedocm@unc.edu,Genderqueer,triple,(226) 5469195,15/10/2023,19/10/2023
13893357,Forrest,Barwis,fbarwiscn@state.tx.us,Male,suite,(689) 8299399,25/10/2023,19/11/2023
17970049,Eziechiele,Annies,eanniesco@biglobe.ne.jp,Male,simple,(331) 8700480,13/08/2023,06/09/2023
19218441,Patton,Donnett,pdonnettcp@usa.gov,Male,doble,(828) 7499532,13/08/2023,03/09/2023
17707940,Costanza,Tollemache,ctollemachecq@msn.com,Female,triple,(702) 1387591,29/07/2023,16/08/2023
18692690,Chrotoem,Logsdale,clogsdalecr@sciencedaily.com,Male,simple,(530) 3069522,04/09/2023,26/09/2023
16610903,Ardene,Gildersleaves,agildersleavescs@studiopress.com,Female,triple,(636) 3951591,19/09/2023,25/09/2023
19392610,Florella,Wiggall,fwiggallct@livejournal.com,Female,suite,(186) 1940624,05/08/2023,06/08/2023
19584147,Batholomew,Ferrer,bferrercu@sitemeter.com,Male,triple,(976) 5551341,23/07/2023,01/08/2023
14069969,Crichton,Pugh,cpughcv@vimeo.com,Male,doble,(867) 2111279,28/10/2023,31/10/2023
12423046,Elissa,Reidshaw,ereidshawcw@tumblr.com,Female,triple,(622) 6390881,26/09/2023,20/10/2023
14236202,Webster,Syseland,wsyselandcx@va.gov,Polygender,simple,(949) 5284193,10/09/2023,16/09/2023
16393769,Gallard,Arnott,garnottcy@arizona.edu,Male,simple,(902) 6649159,01/10/2023,08/10/2023
11836196,Welch,Cranage,wcranagecz@webeden.co.uk,Male,doble,(671) 6790427,02/09/2023,09/09/2023
18575697,Lalo,Caulket,lcaulketd0@springer.com,Male,doble,(742) 3354194,11/08/2023,19/08/2023
14327111,Bourke,Cansdell,bcansdelld1@youku.com,Male,triple,(401) 6005984,13/10/2023,30/10/2023
12069043,Zola,Eades,zeadesd2@ebay.com,Female,doble,(431) 8032997,30/07/2023,10/08/2023
11471755,Dorrie,Gerauld,dgerauldd3@va.gov,Female,triple,(994) 5962229,16/07/2023,01/08/2023
15994681,Toby,Heditch,theditchd4@theatlantic.com,Female,doble,(477) 2501875,28/09/2023,10/10/2023
17268432,Alta,Chaperlin,achaperlind5@scientificamerican.com,Female,doble,(409) 1917621,16/09/2023,02/10/2023
19027826,Isa,Basley,ibasleyd6@youtube.com,Male,doble,(914) 4792681,25/07/2023,03/08/2023
19260144,Leta,de Quincey,ldequinceyd7@theglobeandmail.com,Female,doble,(828) 6094187,31/08/2023,08/09/2023
16640573,Jacques,Wrate,jwrated8@apple.com,Male,triple,(505) 1498215,07/07/2023,15/07/2023
12730813,Gunter,Rackley,grackleyd9@typepad.com,Male,triple,(488) 8354025,04/08/2023,28/08/2023
13932894,Sheryl,McIlroy,smcilroyda@seesaa.net,Female,triple,(718) 2063540,10/07/2023,29/07/2023
15951779,Denni,Tutsell,dtutselldb@issuu.com,Female,triple,(607) 2512461,03/08/2023,16/08/2023
18353857,Nikaniki,Mil,nmildc@sciencedaily.com,Female,triple,(485) 7278111,12/09/2023,03/10/2023
14745146,Teri,Aldcorne,taldcornedd@pbs.org,Female,triple,(165) 8489886,12/08/2023,05/09/2023
12441289,Geoff,Phlipon,gphliponde@blogger.com,Male,suite,(122) 4138663,31/08/2023,23/09/2023
19222171,Patty,Arkill,parkilldf@parallels.com,Non-binary,simple,(163) 6391581,06/10/2023,07/10/2023
10868253,Felecia,Fere,fferedg@constantcontact.com,Female,triple,(573) 2047477,18/07/2023,30/07/2023
12963229,Fairleigh,Willshere,fwillsheredh@ycombinator.com,Male,triple,(611) 8140475,13/07/2023,24/07/2023
17212626,Salim,Hurdis,shurdisdi@icq.com,Male,suite,(732) 2558933,18/08/2023,07/09/2023
17578596,Eddy,Birtonshaw,ebirtonshawdj@artisteer.com,Male,doble,(848) 9977158,27/09/2023,16/10/2023
15380447,Celestyna,Tallent,ctallentdk@hubpages.com,Female,doble,(111) 5171209,10/08/2023,18/08/2023
11999131,Bruno,Burrows,bburrowsdl@ovh.net,Male,triple,(444) 4785136,10/10/2023,4/11/2023
16358879,Guglielma,Stenners,gstennersdm@people.com.cn,Genderqueer,suite,(367) 4267100,04/08/2023,09/08/2023
17369069,Skipper,Hulland,shullanddn@google.cn,Male,triple,(298) 3493440,28/07/2023,15/08/2023
18392762,Carroll,Walder,cwalderdo@admin.ch,Female,simple,(530) 8851785,05/10/2023,17/10/2023
15674352,Parke,Aaronsohn,paaronsohndp@drupal.org,Agender,suite,(283) 1342618,26/10/2023,3/11/2023
19187745,Sunny,Kubala,skubaladq@google.ru,Male,suite,(873) 8974094,18/07/2023,05/08/2023
18221219,Nico,Schimann,nschimanndr@wikimedia.org,Male,triple,(705) 5800299,06/09/2023,24/09/2023
19654212,Nilson,Alcido,nalcidods@shareasale.com,Male,suite,(180) 1849403,04/07/2023,26/07/2023
19297330,Suzi,Wroth,swrothdt@cnet.com,Female,suite,(626) 8450066,13/09/2023,28/09/2023
10810750,Templeton,Layburn,tlayburndu@cafepress.com,Male,suite,(819) 3039558,05/07/2023,07/07/2023
11294250,Erv,Aymer,eaymerdv@a8.net,Male,doble,(936) 7717104,20/08/2023,01/09/2023
17992508,Clemmy,O'Dowgaine,codowgainedw@redcross.org,Male,doble,(216) 4535114,20/07/2023,25/07/2023
13418789,Agnesse,Chainey,achaineydx@reverbnation.com,Female,doble,(819) 6649884,20/07/2023,13/08/2023
11926020,Ermentrude,Orrey,eorreydy@aol.com,Bigender,triple,(360) 2275860,27/09/2023,03/10/2023
13088763,Brenden,Geraghty,bgeraghtydz@loc.gov,Genderqueer,suite,(222) 3542412,06/09/2023,10/09/2023
15338436,Toni,Gladhill,tgladhille0@intel.com,Female,triple,(898) 4497433,02/09/2023,12/09/2023
19787245,Halley,Jaszczak,hjaszczake1@nsw.gov.au,Polygender,suite,(287) 2493243,03/07/2023,18/07/2023
11640409,Mommy,Knapp,mknappe2@hp.com,Female,simple,(133) 5752554,20/10/2023,21/10/2023
12882364,Frans,Worster,fworstere3@globo.com,Male,simple,(947) 9325908,03/09/2023,17/09/2023
19674254,Liv,Chidwick,lchidwicke4@51.la,Female,triple,(403) 7681972,29/09/2023,03/10/2023
11450278,Nicolina,Darrigoe,ndarrigoee5@printfriendly.com,Female,doble,(290) 6975604,09/09/2023,29/09/2023
15384097,Vinnie,Dehn,vdehne6@uol.com.br,Agender,simple,(947) 5968317,27/08/2023,30/08/2023
14036864,Jeni,Galtone,jgaltonee7@joomla.org,Female,suite,(202) 3002549,21/08/2023,30/08/2023
14042928,Anneliese,Soden,asodene8@adobe.com,Female,suite,(622) 6024762,30/08/2023,18/09/2023
13520038,Arlina,Robertis,arobertise9@comsenz.com,Female,simple,(196) 7531352,16/10/2023,31/10/2023
17525487,Alyss,Comberbach,acomberbachea@example.com,Female,simple,(554) 8701676,26/10/2023,16/11/2023
14785461,Alejandrina,Burchfield,aburchfieldeb@yandex.ru,Female,simple,(367) 7734187,04/09/2023,11/09/2023
12850997,Elmira,Allpress,eallpressec@e-recht24.de,Female,triple,(860) 9557931,18/08/2023,22/08/2023
10228964,Janet,MacAndrew,jmacandrewed@yolasite.com,Female,doble,(515) 6315940,22/07/2023,14/08/2023
18202622,Sheffie,Brierley,sbrierleyee@goo.ne.jp,Male,suite,(716) 7389195,31/07/2023,24/08/2023
18445692,Ardyth,Gallo,agalloef@deliciousdays.com,Non-binary,triple,(933) 7264048,26/09/2023,14/10/2023
19563345,Fredia,Pember,fpembereg@cyberchimps.com,Female,triple,(284) 2081940,19/07/2023,04/08/2023
10943072,Sallyanne,Lurriman,slurrimaneh@xrea.com,Bigender,triple,(304) 8399404,29/10/2023,20/11/2023
17156772,Katheryn,Kardos,kkardosei@narod.ru,Female,doble,(419) 2137884,23/10/2023,3/11/2023
14016588,Judy,Niven,jnivenej@guardian.co.uk,Female,triple,(200) 9120056,08/09/2023,25/09/2023
15146251,Corena,Piperley,cpiperleyek@google.es,Female,simple,(214) 7846842,18/09/2023,10/10/2023
11551922,Izak,Bestwerthick,ibestwerthickel@baidu.com,Male,simple,(998) 2744945,24/08/2023,30/08/2023
19085155,Franky,Dyzart,fdyzartem@networkadvertising.org,Male,suite,(628) 8388723,22/08/2023,15/09/2023
19041140,Rayshell,Brahm,rbrahmen@mail.ru,Female,doble,(291) 6466037,07/09/2023,23/09/2023
11808973,Lorraine,Dougliss,ldouglisseo@merriam-webster.com,Female,doble,(466) 7505206,16/10/2023,21/10/2023
15212464,Rozina,Chadburn,rchadburnep@scribd.com,Female,suite,(208) 5025773,27/10/2023,7/11/2023
14329255,Benedikta,Goodswen,bgoodsweneq@stanford.edu,Female,doble,(865) 4653977,30/08/2023,07/09/2023
19434815,Justen,Dossetter,jdossetterer@bandcamp.com,Male,doble,(706) 7414656,03/07/2023,18/07/2023
15621600,Horacio,Paffitt,hpaffittes@oracle.com,Male,simple,(234) 2312107,21/09/2023,16/10/2023
11335331,Sarena,Base,sbaseet@spiegel.de,Female,triple,(604) 3096895,16/07/2023,03/08/2023
15566083,Ellary,Kenan,ekenaneu@huffingtonpost.com,Male,doble,(580) 1636993,24/07/2023,25/07/2023
11524350,Katti,Withers,kwithersev@timesonline.co.uk,Female,doble,(656) 2760104,26/10/2023,2/11/2023
15121495,Jermain,McTeague,jmcteagueew@blogger.com,Non-binary,triple,(230) 5556157,31/08/2023,09/09/2023
13886950,Wittie,Kempe,wkempeex@smugmug.com,Male,simple,(429) 5546562,02/10/2023,15/10/2023
12641242,Karin,Diperaus,kdiperausey@technorati.com,Non-binary,triple,(496) 5135795,26/07/2023,13/08/2023
17009049,Corrianne,De Pero,cdeperoez@artisteer.com,Female,triple,(714) 2191044,07/07/2023,15/07/2023
13327807,Linda,Killingworth,lkillingworthf0@loc.gov,Female,doble,(315) 4057556,13/08/2023,19/08/2023
15819440,Gertruda,Snowling,gsnowlingf1@sogou.com,Female,triple,(867) 4746541,26/08/2023,18/09/2023
11435100,Kalina,Plews,kplewsf2@is.gd,Female,simple,(921) 9763068,26/10/2023,17/11/2023
16498698,Gianina,Lethebridge,glethebridgef3@sogou.com,Bigender,suite,(736) 9321242,12/09/2023,21/09/2023
15305054,Elora,Joe,ejoef4@nationalgeographic.com,Female,doble,(988) 9017674,04/10/2023,21/10/2023
19454582,Rowena,Sewall,rsewallf5@mac.com,Female,doble,(375) 2649436,02/09/2023,20/09/2023
13632217,Lonee,Hambribe,lhambribef6@technorati.com,Polygender,triple,(949) 8188761,22/09/2023,26/09/2023
19037242,Roobbie,Willman,rwillmanf7@comsenz.com,Female,simple,(426) 5093519,17/07/2023,28/07/2023
14472734,Skell,Pantecost,spantecostf8@reference.com,Male,simple,(716) 9150227,16/10/2023,10/11/2023
14284825,Sanderson,Sorro,ssorrof9@meetup.com,Male,simple,(565) 8611200,26/09/2023,10/10/2023
19762123,Lucy,Feaveryear,lfeaveryearfa@bigcartel.com,Female,triple,(777) 8371079,08/10/2023,13/10/2023
17276545,Bernie,Rowen,browenfb@state.gov,Genderfluid,doble,(117) 1915870,28/10/2023,16/11/2023
12745432,Rutger,Arnault,rarnaultfc@mac.com,Male,simple,(672) 7934253,04/09/2023,21/09/2023
10151720,Cornela,Felipe,cfelipefd@livejournal.com,Female,simple,(763) 1918046,05/07/2023,28/07/2023
11137036,Freddie,Annion,fannionfe@imageshack.us,Male,simple,(359) 5488723,17/09/2023,04/10/2023
18936760,Gran,Hallstone,ghallstoneff@jigsy.com,Male,triple,(169) 5824236,20/09/2023,13/10/2023
12251188,Kerrill,Wegenen,kwegenenfg@dmoz.org,Female,suite,(201) 4111715,04/07/2023,19/07/2023
15671112,Rurik,Edwick,redwickfh@tmall.com,Male,simple,(683) 9999850,23/10/2023,3/11/2023
11143137,Billie,Inkster,binksterfi@cbslocal.com,Male,triple,(350) 6638782,01/07/2023,16/07/2023
14221999,Derry,Molen,dmolenfj@e-recht24.de,Male,suite,(398) 5175868,06/10/2023,10/10/2023
17476290,Jobina,Womersley,jwomersleyfk@wp.com,Female,suite,(900) 6316776,08/08/2023,30/08/2023
10054218,Dorelle,Scruton,dscrutonfl@deviantart.com,Non-binary,simple,(163) 5945647,03/10/2023,18/10/2023
16603679,Emeline,Stockle,estocklefm@twitpic.com,Female,suite,(582) 9957441,19/10/2023,20/10/2023
10863182,Gianina,Philbrick,gphilbrickfn@seattletimes.com,Polygender,simple,(556) 5520177,21/07/2023,28/07/2023
18521885,Gretel,Keasy,gkeasyfo@mac.com,Bigender,triple,(406) 7242926,09/09/2023,14/09/2023
14296050,Raffarty,Blazejewski,rblazejewskifp@mail.ru,Male,triple,(641) 8743257,12/10/2023,4/11/2023
10924210,Jens,Swynley,jswynleyfq@about.me,Male,triple,(872) 4629059,26/09/2023,21/10/2023
16478525,Brody,Loudian,bloudianfr@wisc.edu,Male,triple,(769) 2044244,21/07/2023,24/07/2023
19065568,Denny,Needs,dneedsfs@people.com.cn,Genderqueer,doble,(815) 9984983,06/09/2023,29/09/2023
17109522,Timmi,Ions,tionsft@pbs.org,Female,triple,(384) 1667593,12/08/2023,28/08/2023
17005880,Tallia,Mizzen,tmizzenfu@yellowpages.com,Polygender,simple,(811) 5965815,04/10/2023,15/10/2023
13517447,Bertha,Sibley,bsibleyfv@taobao.com,Bigender,doble,(637) 5036739,04/09/2023,22/09/2023
18184731,Tiffanie,Hemphill,themphillfw@slideshare.net,Female,suite,(399) 2144503,06/07/2023,14/07/2023
17067553,Tab,Paulsson,tpaulssonfx@ucoz.ru,Male,suite,(765) 4747959,23/10/2023,28/10/2023
18156896,Carleton,Sand,csandfy@home.pl,Male,triple,(812) 2591248,14/08/2023,17/08/2023
12669732,Nollie,Clementet,nclementetfz@google.com,Female,doble,(334) 8386128,29/10/2023,6/11/2023
13860572,Tessi,MacKilroe,tmackilroeg0@woothemes.com,Female,suite,(122) 3976716,10/07/2023,03/08/2023
16950202,Emilio,Eastlake,eeastlakeg1@prweb.com,Male,triple,(303) 3030442,11/10/2023,30/10/2023
12672119,Tommy,Vial,tvialg2@histats.com,Female,simple,(876) 3587557,27/07/2023,06/08/2023
15579546,Fernando,Kitchenside,fkitchensideg3@mashable.com,Male,doble,(255) 1935694,19/07/2023,31/07/2023
12575167,Noe,McAuslene,nmcausleneg4@europa.eu,Male,doble,(370) 3507448,28/07/2023,30/07/2023
17185879,Benny,Weathers,bweathersg5@ovh.net,Male,doble,(112) 9639671,23/07/2023,01/08/2023
16062953,Gunar,Szachniewicz,gszachniewiczg6@cisco.com,Male,triple,(167) 1486268,02/09/2023,10/09/2023
16303628,Stanwood,Croce,scroceg7@twitter.com,Male,simple,(566) 3312596,22/09/2023,15/10/2023
18976731,Norton,Derkes,nderkesg8@nytimes.com,Male,suite,(566) 9539808,18/07/2023,22/07/2023
14446758,Loleta,Grosier,lgrosierg9@virginia.edu,Female,doble,(211) 8926228,17/10/2023,22/10/2023
17965141,Jessika,De Angelis,jdeangelisga@businessweek.com,Female,simple,(627) 9023965,12/10/2023,30/10/2023
13179999,Gaby,Dispencer,gdispencergb@amazon.com,Male,triple,(674) 3095864,08/10/2023,21/10/2023
11345819,Gweneth,Spilisy,gspilisygc@goo.ne.jp,Female,suite,(249) 2761357,09/09/2023,21/09/2023
14222794,Vittorio,O'Regan,voregangd@pbs.org,Male,simple,(286) 9265836,18/08/2023,29/08/2023
11065493,Orland,Gulland,ogullandge@miitbeian.gov.cn,Male,doble,(662) 5945373,20/09/2023,11/10/2023
10395617,Darius,Choake,dchoakegf@sfgate.com,Male,simple,(313) 4179137,31/07/2023,04/08/2023
19564478,Wolfie,Folland,wfollandgg@netscape.com,Male,doble,(296) 3864396,02/08/2023,06/08/2023
10000245,Gussie,Cuddihy,gcuddihygh@youku.com,Female,suite,(358) 2424759,05/09/2023,21/09/2023
10547405,Harley,Ioan,hioangi@si.edu,Male,doble,(389) 7153964,25/08/2023,05/09/2023
16635478,Iosep,Rennles,irennlesgj@over-blog.com,Male,triple,(647) 2449597,23/07/2023,09/08/2023
19039050,Ofella,Chasemoore,ochasemooregk@yelp.com,Female,simple,(734) 2689529,08/09/2023,27/09/2023
18373751,Marcie,Casford,mcasfordgl@blogtalkradio.com,Female,simple,(379) 9878296,30/07/2023,09/08/2023
10631165,Amalia,Guppy,aguppygm@blog.com,Female,doble,(305) 5527916,13/09/2023,05/10/2023
17428606,Garrett,Lethibridge,glethibridgegn@chicagotribune.com,Male,triple,(502) 4291899,10/09/2023,13/09/2023
18449002,Gweneth,Munslow,gmunslowgo@eepurl.com,Female,suite,(535) 5939674,26/10/2023,31/10/2023
15290573,Freddie,Hannaway,fhannawaygp@prnewswire.com,Female,simple,(171) 1817535,18/09/2023,08/10/2023
13863008,Francisco,Paulsen,fpaulsengq@cloudflare.com,Male,suite,(508) 9442545,15/10/2023,18/10/2023
11830547,Herbert,Sainthill,hsainthillgr@t-online.de,Male,suite,(871) 9358970,08/09/2023,18/09/2023
18679100,Lauri,Polden,lpoldengs@wp.com,Female,doble,(570) 8728209,23/08/2023,14/09/2023
19987788,Bil,Hyne,bhynegt@reference.com,Non-binary,doble,(314) 1213151,25/08/2023,29/08/2023
12952711,Tildie,Verbruggen,tverbruggengu@nsw.gov.au,Female,doble,(783) 6746223,29/10/2023,3/11/2023
15598905,Stanton,Brettell,sbrettellgv@wunderground.com,Male,triple,(756) 7396547,30/07/2023,20/08/2023
19284266,Forster,Bennellick,fbennellickgw@shutterfly.com,Male,suite,(538) 1782481,04/08/2023,27/08/2023
19855184,Tonye,Van Cassel,tvancasselgx@mac.com,Genderfluid,simple,(712) 2143485,02/08/2023,05/08/2023
14106693,Thekla,Rawsen,trawsengy@cloudflare.com,Female,doble,(298) 2485955,04/10/2023,12/10/2023
17045829,Roxie,Briat,rbriatgz@shinystat.com,Female,simple,(810) 9155532,07/08/2023,27/08/2023
19698438,Alfred,Vieyra,avieyrah0@hc360.com,Male,suite,(722) 2077464,10/07/2023,19/07/2023
16658110,Tildy,Pittel,tpittelh1@wufoo.com,Female,triple,(994) 6782751,30/08/2023,20/09/2023
11289547,Salli,Kleinsmuntz,skleinsmuntzh2@cbslocal.com,Female,suite,(621) 3590119,05/10/2023,11/10/2023
15961693,Zelig,Muddiman,zmuddimanh3@t.co,Bigender,doble,(223) 3842978,16/10/2023,10/11/2023
14847737,Charlotte,Skilton,cskiltonh4@whitehouse.gov,Female,suite,(641) 8244154,10/10/2023,16/10/2023
10298806,Nancee,Schubbert,nschubberth5@samsung.com,Female,doble,(169) 6261831,22/09/2023,16/10/2023
10000964,Lucas,Hallex,lhallexh6@spiegel.de,Male,simple,(685) 8117685,19/07/2023,04/08/2023
19670886,Tara,Norree,tnorreeh7@tamu.edu,Female,suite,(320) 5497042,21/09/2023,28/09/2023
10984647,Pooh,Arni,parnih8@apple.com,Male,simple,(879) 3889022,21/09/2023,15/10/2023
15760172,Orella,Dudgeon,odudgeonh9@cisco.com,Female,suite,(215) 6304336,01/08/2023,07/08/2023
18942447,Tamqrah,Loche,tlocheha@sfgate.com,Female,suite,(825) 5907102,12/07/2023,01/08/2023
16977893,Mitchell,Brumfitt,mbrumfitthb@chicagotribune.com,Male,doble,(592) 4274329,23/08/2023,02/09/2023
14264679,Ray,Nanetti,rnanettihc@thetimes.co.uk,Female,doble,(973) 6238263,13/10/2023,28/10/2023
17387537,Rivi,Stace,rstacehd@intel.com,Female,simple,(517) 3702518,06/09/2023,08/09/2023
13789297,Tammy,Iacomini,tiacominihe@dailymail.co.uk,Agender,simple,(629) 7042733,23/07/2023,09/08/2023
10204272,Fitz,Beddie,fbeddiehf@vimeo.com,Male,simple,(278) 1344425,21/10/2023,5/11/2023
17290663,Farah,Screen,fscreenhg@nba.com,Female,triple,(276) 2342583,07/07/2023,17/07/2023
17904893,Goraud,Biaggelli,gbiaggellihh@youku.com,Male,triple,(634) 5713482,14/09/2023,21/09/2023
14242020,Ahmed,Harder,aharderhi@slate.com,Male,doble,(464) 4218153,05/08/2023,29/08/2023
14563757,Percival,Cregg,pcregghj@mapquest.com,Male,doble,(797) 2973434,04/10/2023,23/10/2023
10868277,Pammi,Bellord,pbellordhk@dion.ne.jp,Female,triple,(108) 8279797,28/09/2023,20/10/2023
12685333,Kellsie,Cholwell,kcholwellhl@indiegogo.com,Female,suite,(728) 7656688,01/08/2023,21/08/2023
18908666,Rina,Debnam,rdebnamhm@gmpg.org,Female,triple,(188) 2208453,11/07/2023,03/08/2023
16573031,Toiboid,Churchley,tchurchleyhn@sfgate.com,Male,simple,(195) 5935406,18/09/2023,04/10/2023
11800519,Sherilyn,Yeabsley,syeabsleyho@sun.com,Female,simple,(332) 4935373,20/10/2023,23/10/2023
17432346,Phil,Edgeler,pedgelerhp@ezinearticles.com,Male,suite,(978) 4544064,22/08/2023,25/08/2023
13443289,Jayme,Lampbrecht,jlampbrechthq@xing.com,Non-binary,doble,(211) 1415121,22/07/2023,23/07/2023
15850622,Bab,Dunstan,bdunstanhr@xing.com,Bigender,suite,(720) 5713912,17/08/2023,01/09/2023
13050331,Katusha,Domico,kdomicohs@moonfruit.com,Female,doble,(796) 9393193,16/08/2023,19/08/2023
18077157,Ebonee,Hillatt,ehillattht@weebly.com,Female,doble,(589) 4960162,08/08/2023,25/08/2023
13543017,Ricki,Stanistrete,rstanistretehu@uol.com.br,Female,triple,(635) 8238573,27/10/2023,12/11/2023
11254503,Nealson,Bransdon,nbransdonhv@addthis.com,Male,simple,(923) 8342806,10/10/2023,14/10/2023
17741108,Kennedy,Gahan,kgahanhw@meetup.com,Male,suite,(239) 1664851,04/08/2023,28/08/2023
14325482,Donnell,Hewes,dheweshx@desdev.cn,Non-binary,simple,(830) 3081782,18/10/2023,12/11/2023
19640456,Clare,Englefield,cenglefieldhy@imgur.com,Female,simple,(814) 3444730,28/07/2023,22/08/2023
16100428,Serge,Raffon,sraffonhz@hp.com,Male,doble,(593) 2132471,25/07/2023,10/08/2023
11454161,Nadiya,Jensen,njenseni0@ft.com,Female,simple,(164) 9766627,08/10/2023,25/10/2023
12334480,Jerrylee,Buxey,jbuxeyi1@netlog.com,Female,suite,(887) 6667786,18/08/2023,30/08/2023
15418152,Mufi,Klasing,mklasingi2@cam.ac.uk,Female,suite,(169) 1095142,12/07/2023,01/08/2023
18137958,Davey,Lorraine,dlorrainei3@japanpost.jp,Genderqueer,suite,(571) 2896373,05/08/2023,29/08/2023
11154873,Harriett,Greydon,hgreydoni4@auda.org.au,Female,doble,(107) 8656155,26/07/2023,29/07/2023
10325239,Alyce,Deards,adeardsi5@cbslocal.com,Female,simple,(427) 9297170,18/07/2023,31/07/2023
16932555,Osmund,Duchatel,oduchateli6@oracle.com,Bigender,triple,(262) 6410337,25/08/2023,13/09/2023
16705747,Meyer,Ledur,mleduri7@vk.com,Male,suite,(272) 3758437,01/07/2023,14/07/2023
11508039,Taber,Doorly,tdoorlyi8@typepad.com,Male,doble,(838) 2790363,20/07/2023,25/07/2023
14545628,Field,Dockery,fdockeryi9@cnn.com,Male,triple,(936) 6374592,27/08/2023,12/09/2023
16331796,Jamaal,Caw,jcawia@ihg.com,Male,doble,(650) 8315548,24/10/2023,13/11/2023
11386368,Georgiana,Ortell,gortellib@hao123.com,Female,simple,(343) 8709694,31/07/2023,06/08/2023
18582596,April,Wisden,awisdenic@fda.gov,Female,triple,(561) 1129346,23/07/2023,10/08/2023
15614461,Christie,Dutt,cduttid@fotki.com,Male,suite,(411) 7343000,08/07/2023,13/07/2023
16119689,Luce,Ghidoli,lghidoliie@multiply.com,Male,simple,(414) 2634582,12/10/2023,13/10/2023
11460488,Thane,Feaster,tfeasterif@ebay.co.uk,Male,suite,(974) 3534116,06/10/2023,19/10/2023
10889800,Ben,Eard,beardig@whitehouse.gov,Male,suite,(524) 8912439,11/10/2023,28/10/2023
14605217,Genny,Lakey,glakeyih@reverbnation.com,Female,doble,(914) 8357776,10/10/2023,21/10/2023
14415008,Marisa,Ramey,mrameyii@storify.com,Female,suite,(611) 1503609,01/07/2023,07/07/2023
19658132,Guillaume,Janout,gjanoutij@dmoz.org,Non-binary,simple,(563) 3080900,31/07/2023,22/08/2023
17742232,Linus,Cumberpatch,lcumberpatchik@vistaprint.com,Male,suite,(767) 8135714,28/08/2023,13/09/2023
17442917,Abbie,Ivanchikov,aivanchikovil@cbsnews.com,Polygender,suite,(624) 3263362,09/10/2023,02/11/2023
15812468,Lani,Bateson,lbatesonim@hibu.com,Female,suite,(100) 2175968,26/10/2023,16/11/2023
18722134,Nickola,Gingold,ngingoldin@slashdot.org,Male,suite,(702) 2500792,21/10/2023,13/11/2023
13882491,Ginelle,Spargo,gspargoio@huffingtonpost.com,Female,suite,(181) 9850459,06/08/2023,18/08/2023
14608853,Malcolm,Hast,mhastip@techcrunch.com,Genderqueer,triple,(319) 8894220,28/09/2023,02/10/2023
11900791,Cal,Oldaker,coldakeriq@angelfire.com,Female,triple,(203) 3009144,03/07/2023,08/07/2023
19410816,Rubie,Crispin,rcrispinir@ow.ly,Female,doble,(589) 1277698,03/10/2023,06/10/2023
13038936,Bianka,Penniell,bpenniellis@shareasale.com,Female,doble,(571) 9167242,24/09/2023,03/10/2023
19824125,Arte,Limeburn,alimeburnit@php.net,Male,simple,(884) 7639598,03/07/2023,09/07/2023
14568944,Brandon,Kerwin,bkerwiniu@altervista.org,Male,suite,(839) 5303582,27/07/2023,06/08/2023
16591027,Brewer,Studders,bstuddersiv@smugmug.com,Male,doble,(378) 4938895,31/07/2023,03/08/2023
17567608,Averil,Crocket,acrocketiw@storify.com,Female,doble,(650) 8675046,06/09/2023,26/09/2023
12584006,Wynnie,Perico,wpericoix@yandex.ru,Female,simple,(331) 6972621,17/07/2023,07/08/2023
19136304,Zechariah,Lettuce,zlettuceiy@dyndns.org,Male,doble,(113) 5010524,02/08/2023,21/08/2023
15777001,Rani,Bourcq,rbourcqiz@liveinternet.ru,Female,suite,(547) 8832652,25/09/2023,02/10/2023
10203485,Corry,Poytheras,cpoytherasj0@amazon.com,Female,triple,(962) 7763686,03/08/2023,10/08/2023
15072721,Joceline,Germon,jgermonj1@biblegateway.com,Female,doble,(874) 7247293,03/09/2023,07/09/2023
11625333,Rob,Tointon,rtointonj2@cam.ac.uk,Male,suite,(871) 8660516,27/09/2023,21/10/2023
10433571,Nevins,Holt,nholtj3@japanpost.jp,Male,triple,(415) 7684333,02/10/2023,13/10/2023
15460262,Porty,Aston,pastonj4@google.fr,Male,doble,(561) 9795909,23/07/2023,01/08/2023
12067166,Anatollo,Formilli,aformillij5@networkadvertising.org,Male,triple,(712) 3753846,25/10/2023,28/10/2023
17669191,Alfredo,McGrady,amcgradyj6@amazon.de,Male,doble,(198) 4973734,05/09/2023,22/09/2023
19985802,Elisha,Seabon,eseabonj7@google.de,Male,triple,(678) 1412419,24/10/2023,9/11/2023
19005943,Hedda,Gudgin,hgudginj8@ocn.ne.jp,Female,suite,(640) 4453811,13/08/2023,18/08/2023
14111539,Pollyanna,Rickis,prickisj9@bizjournals.com,Female,doble,(735) 2247180,29/08/2023,23/09/2023
14561095,Evvy,Harker,eharkerja@google.it,Female,triple,(273) 4391733,16/10/2023,1/11/2023
16787299,Aldus,Tacon,ataconjb@networkadvertising.org,Male,doble,(386) 5916191,04/09/2023,12/09/2023
12510268,Gayle,Lynch,glynchjc@accuweather.com,Male,simple,(853) 9470560,15/09/2023,02/10/2023
16497096,Kimberlee,Odney,kodneyjd@ibm.com,Female,triple,(417) 8992104,27/09/2023,28/09/2023
10085535,See,Szimon,sszimonje@cam.ac.uk,Male,simple,(874) 2694725,24/08/2023,15/09/2023
15696323,Hastie,Koch,hkochjf@ucoz.com,Male,simple,(942) 5045664,19/08/2023,20/08/2023
12861919,Fairfax,De Simoni,fdesimonijg@nifty.com,Male,simple,(146) 5168316,02/08/2023,13/08/2023
12538637,Nadiya,Arnhold,narnholdjh@biblegateway.com,Genderqueer,triple,(865) 2022924,27/10/2023,5/11/2023
16986813,Flin,Nurcombe,fnurcombeji@dailymail.co.uk,Male,suite,(722) 9765334,10/09/2023,20/09/2023
15405163,Bernhard,Wragg,bwraggjj@seattletimes.com,Male,simple,(951) 3169308,26/07/2023,01/08/2023
11192509,Lesya,Davidesco,ldavidescojk@devhub.com,Female,doble,(995) 9582360,22/07/2023,15/08/2023
14113972,Ahmad,Bridgewood,abridgewoodjl@who.int,Male,suite,(480) 3418785,27/08/2023,17/09/2023
11230595,Marve,Le Ball,mleballjm@tamu.edu,Male,simple,(532) 2278751,20/08/2023,26/08/2023
15492063,Slade,Thys,sthysjn@ucsd.edu,Agender,triple,(839) 9257131,11/09/2023,23/09/2023
11775067,Alastair,Aldritt,aaldrittjo@comcast.net,Male,suite,(181) 1444029,17/07/2023,26/07/2023
16267526,Kahaleel,Chadwick,kchadwickjp@pen.io,Male,simple,(983) 3526699,12/09/2023,01/10/2023
16646655,Davey,McKeney,dmckeneyjq@hugedomains.com,Male,doble,(360) 3514384,06/08/2023,12/08/2023
11508005,Reynard,Brayne,rbraynejr@google.es,Male,triple,(146) 2602716,03/08/2023,24/08/2023
16295058,Suzy,Giannazzo,sgiannazzojs@infoseek.co.jp,Female,doble,(546) 9317832,10/10/2023,17/10/2023
16018300,Nicolas,Tremble,ntremblejt@intel.com,Genderqueer,suite,(148) 8278617,28/10/2023,5/11/2023
16101384,Candide,Jorcke,cjorckeju@answers.com,Female,triple,(808) 2002579,26/10/2023,27/10/2023
14219415,Wittie,Verduin,wverduinjv@clickbank.net,Male,simple,(786) 1230888,02/07/2023,15/07/2023
10460429,Jacob,Ferrino,jferrinojw@jiathis.com,Male,triple,(559) 2751563,14/09/2023,15/09/2023
12199018,Garrett,Baradel,gbaradeljx@istockphoto.com,Male,simple,(262) 1409263,16/09/2023,07/10/2023
15233340,Martyn,Ciepluch,mciepluchjy@cafepress.com,Male,suite,(711) 8314339,04/09/2023,28/09/2023
12753369,Urbain,Lingard,ulingardjz@nyu.edu,Male,simple,(467) 8328700,19/07/2023,25/07/2023
11600336,Mike,Levick,mlevickk0@unc.edu,Genderfluid,simple,(248) 3585807,11/08/2023,28/08/2023
17812951,Richy,Blundin,rblundink1@sciencedirect.com,Male,triple,(377) 7237502,28/09/2023,17/10/2023
11035941,Benedicto,Woodier,bwoodierk2@sohu.com,Male,triple,(154) 5555683,10/09/2023,22/09/2023
18694726,Reinhold,Eakens,reakensk3@admin.ch,Male,doble,(425) 6908319,02/10/2023,07/10/2023
10981786,Matthiew,Attewill,mattewillk4@devhub.com,Bigender,triple,(864) 8350448,14/08/2023,04/09/2023
13833761,Lisbeth,Hebborn,lhebbornk5@sakura.ne.jp,Female,suite,(157) 9591109,21/07/2023,12/08/2023
14177392,August,Yesenin,ayesenink6@barnesandnoble.com,Male,doble,(421) 8914452,12/09/2023,26/09/2023
19856856,Nicholle,Berrey,nberreyk7@uol.com.br,Bigender,suite,(864) 3856314,21/07/2023,10/08/2023
16852394,Andres,Simkovitz,asimkovitzk8@chronoengine.com,Male,triple,(303) 2243649,19/10/2023,2/11/2023
12348107,Weylin,Rambaut,wrambautk9@sun.com,Male,triple,(101) 1788445,24/08/2023,02/09/2023
13591515,Brannon,Constanza,bconstanzaka@netvibes.com,Male,triple,(676) 6335650,23/08/2023,12/09/2023
16130112,Nate,Deboick,ndeboickkb@ed.gov,Male,suite,(403) 5128151,08/09/2023,23/09/2023
17220052,Harald,Robbe,hrobbekc@washington.edu,Male,suite,(938) 8256817,03/09/2023,17/09/2023
19700479,Woodrow,Treece,wtreecekd@geocities.com,Male,doble,(247) 1030614,12/10/2023,18/10/2023
11311286,Mozelle,Tatteshall,mtatteshallke@google.pl,Female,simple,(821) 9425288,10/07/2023,29/07/2023
15207106,Javier,Panichelli,jpanichellikf@businessinsider.com,Polygender,doble,(598) 8631773,30/07/2023,06/08/2023
15893426,Ardisj,Beddon,abeddonkg@omniture.com,Female,doble,(221) 8744924,27/09/2023,30/09/2023
16135142,Joscelin,Bauer,jbauerkh@upenn.edu,Female,doble,(475) 3624194,01/09/2023,08/09/2023
13702343,Dru,Heigho,dheighoki@youtu.be,Agender,suite,(754) 7427275,26/08/2023,11/09/2023
16301175,Berny,Gooly,bgoolykj@godaddy.com,Male,simple,(323) 9915484,17/07/2023,27/07/2023
19086654,Winslow,Zoppo,wzoppokk@cyberchimps.com,Male,doble,(654) 5380396,14/09/2023,23/09/2023
11991668,Tiff,Vasyutkin,tvasyutkinkl@icio.us,Female,simple,(106) 7941430,13/07/2023,05/08/2023
16556062,Walther,Zoppo,wzoppokm@vkontakte.ru,Male,triple,(167) 5068695,21/08/2023,27/08/2023
19845400,Mendel,Dowrey,mdowreykn@webs.com,Male,triple,(355) 6415052,12/10/2023,28/10/2023
15463634,Marchall,Fishlee,mfishleeko@ehow.com,Genderfluid,suite,(452) 2997815,09/10/2023,10/10/2023
19238517,Millicent,Hurtic,mhurtickp@smh.com.au,Female,simple,(314) 5634287,25/10/2023,18/11/2023
12621779,Yale,Canniffe,ycanniffekq@furl.net,Male,doble,(692) 7252874,29/09/2023,15/10/2023
13585388,Donnie,Rawlin,drawlinkr@businessweek.com,Female,suite,(341) 7221114,30/07/2023,10/08/2023
14628024,Chevy,Stothard,cstothardks@ow.ly,Male,simple,(907) 8932597,12/10/2023,6/11/2023
19096467,Donaugh,Duffer,ddufferkt@cafepress.com,Male,simple,(713) 4186338,27/08/2023,14/09/2023
12597288,Michael,Jordan,mjordanku@163.com,Male,suite,(462) 2869290,22/07/2023,03/08/2023
10666291,Kala,Tottem,ktottemkv@auda.org.au,Female,simple,(110) 1460479,05/09/2023,11/09/2023
10074278,Davidson,Atkins,datkinskw@ask.com,Male,simple,(439) 2653578,27/10/2023,8/11/2023
17318530,Bili,Jelley,bjelleykx@alibaba.com,Female,triple,(867) 4633110,19/07/2023,03/08/2023
18949516,Mycah,Diamond,mdiamondky@reuters.com,Male,simple,(216) 1659543,16/08/2023,21/08/2023
11246583,Humfrey,Bavister,hbavisterkz@mozilla.org,Agender,doble,(223) 2706278,07/08/2023,01/09/2023
12265147,Orelia,Annable,oannablel0@msu.edu,Female,simple,(678) 5781906,11/08/2023,22/08/2023
17645960,Antonetta,Ditchfield,aditchfieldl1@rediff.com,Female,triple,(427) 1704764,08/09/2023,20/09/2023
12335119,Haze,Paradise,hparadisel2@elpais.com,Male,suite,(756) 3055876,28/10/2023,13/11/2023
19606441,Jackie,Jikovsky,jjikovskyl3@gizmodo.com,Female,triple,(303) 5985985,03/09/2023,08/09/2023
17451438,Curtice,Straughan,cstraughanl4@craigslist.org,Male,triple,(228) 1564098,18/07/2023,10/08/2023
14127313,Gusella,Claughton,gclaughtonl5@github.com,Female,doble,(415) 3976034,20/08/2023,30/08/2023
17292856,Ilysa,Emett,iemettl6@parallels.com,Bigender,simple,(506) 6624546,01/07/2023,05/07/2023
16909335,Ulrich,McMorland,umcmorlandl7@amazon.co.jp,Male,suite,(784) 6800783,17/09/2023,18/09/2023
10396518,Sela,Townsend,stownsendl8@bluehost.com,Genderqueer,suite,(757) 5837078,07/10/2023,13/10/2023
19524953,Jessey,Bertram,jbertraml9@cdc.gov,Male,triple,(699) 3950896,14/10/2023,8/11/2023
10941305,Artemis,Pragnall,apragnallla@opera.com,Male,suite,(240) 8126143,02/08/2023,10/08/2023
13144904,Jobi,Hedditch,jhedditchlb@ameblo.jp,Female,triple,(476) 7784064,10/10/2023,20/10/2023
13065908,Tedman,Henden,thendenlc@patch.com,Male,triple,(468) 3423933,12/07/2023,24/07/2023
10282873,Lucien,Durn,ldurnld@shinystat.com,Male,doble,(780) 1875769,24/09/2023,13/10/2023
19400246,Dixie,Seabrocke,dseabrockele@sciencedaily.com,Female,suite,(367) 3144529,03/10/2023,18/10/2023
13319559,Idette,Titcumb,ititcumblf@mac.com,Female,suite,(690) 9785736,29/10/2023,11/11/2023
15246378,Kellina,Beavon,kbeavonlg@zimbio.com,Genderfluid,doble,(499) 2086629,03/10/2023,04/10/2023
18415478,Alexandro,Scading,ascadinglh@symantec.com,Male,simple,(382) 1666736,04/09/2023,06/09/2023
18824967,Carlynn,Jonah,cjonahli@samsung.com,Female,doble,(833) 5797427,19/10/2023,22/10/2023
16824505,Valencia,Iverson,viversonlj@umn.edu,Female,suite,(803) 6616955,04/08/2023,09/08/2023
16766721,Janka,Goodchild,jgoodchildlk@blog.com,Genderfluid,suite,(649) 2815964,28/07/2023,20/08/2023
13305433,Jean,Bottinelli,jbottinellill@sun.com,Male,triple,(537) 6934688,25/07/2023,26/07/2023
15790973,Gino,Croker,gcrokerlm@yolasite.com,Male,triple,(398) 7338917,20/08/2023,01/09/2023
13806280,Gilles,Jolliffe,gjolliffeln@dmoz.org,Male,suite,(126) 7157492,03/09/2023,24/09/2023
15003209,Eloisa,Sorey,esoreylo@baidu.com,Female,triple,(536) 1484968,13/10/2023,4/11/2023
14902318,Thomasin,Philot,tphilotlp@tinyurl.com,Female,triple,(579) 5187321,23/09/2023,27/09/2023
12446108,Bertrand,Hinsch,bhinschlq@craigslist.org,Male,simple,(618) 3856178,05/09/2023,14/09/2023
19914318,Siana,Yurov,syurovlr@china.com.cn,Female,simple,(212) 8189802,21/09/2023,27/09/2023
13721923,Peadar,Geddes,pgeddesls@ucoz.com,Male,triple,(171) 1414186,17/09/2023,04/10/2023
19427316,Barney,Bernardelli,bbernardellilt@biblegateway.com,Male,suite,(370) 1334841,15/09/2023,21/09/2023
17262297,Stevy,Baldung,sbaldunglu@paginegialle.it,Male,suite,(521) 4525299,11/08/2023,12/08/2023
10741788,Kamillah,Lamprey,klampreylv@arizona.edu,Female,doble,(691) 9507631,22/09/2023,23/09/2023
18840379,Hubie,Labbey,hlabbeylw@is.gd,Male,doble,(637) 1498758,01/10/2023,11/10/2023
15129561,Theodoric,Fauguel,tfauguellx@si.edu,Male,simple,(978) 6626484,10/10/2023,3/11/2023
10021555,Neely,Roan,nroanly@apache.org,Bigender,triple,(916) 6299798,16/09/2023,22/09/2023
16661654,Anastasia,Duester,aduesterlz@engadget.com,Female,triple,(356) 7170079,11/08/2023,18/08/2023
15766262,Fleur,Eck,feckm0@msn.com,Female,doble,(982) 5543014,23/07/2023,01/08/2023
14718989,Mill,Henrionot,mhenrionotm1@uiuc.edu,Male,suite,(795) 4418580,02/07/2023,08/07/2023
17080214,Demetria,Mounsey,dmounseym2@photobucket.com,Female,doble,(212) 8507998,01/08/2023,15/08/2023
12063312,Jae,Fermoy,jfermoym3@goo.gl,Male,doble,(745) 3046650,02/10/2023,20/10/2023
18298843,Jeri,Simpson,jsimpsonm4@linkedin.com,Female,triple,(180) 9040417,26/08/2023,15/09/2023
19458073,Monika,Nelmes,mnelmesm5@nifty.com,Female,suite,(327) 7261033,09/09/2023,11/09/2023
11846855,Andreana,Hitzmann,ahitzmannm6@com.com,Female,simple,(872) 5882652,27/07/2023,17/08/2023
11826896,Dan,Gorgler,dgorglerm7@japanpost.jp,Male,simple,(722) 2543043,16/08/2023,22/08/2023
16611754,Rollie,Pietrasik,rpietrasikm8@senate.gov,Male,suite,(998) 2428020,31/08/2023,19/09/2023
18660930,Ingram,Wollrauch,iwollrauchm9@angelfire.com,Male,suite,(272) 1484569,21/08/2023,22/08/2023
16562103,Belvia,Shreve,bshrevema@webnode.com,Female,suite,(498) 7437092,13/08/2023,14/08/2023
11455858,Jobyna,Greenrde,jgreenrdemb@acquirethisname.com,Female,triple,(189) 6927270,28/08/2023,06/09/2023
17817408,Violetta,Shrimpling,vshrimplingmc@scientificamerican.com,Female,suite,(389) 5603610,04/09/2023,09/09/2023
18475159,My,Dufaur,mdufaurmd@php.net,Male,doble,(889) 3211347,14/08/2023,25/08/2023
10899365,Chalmers,Scarr,cscarrme@theguardian.com,Male,triple,(757) 2989704,08/08/2023,24/08/2023
18332864,Luca,Sille,lsillemf@eventbrite.com,Male,simple,(509) 8780905,02/09/2023,10/09/2023
16571508,Conrado,Late,clatemg@bandcamp.com,Male,doble,(580) 1785106,11/07/2023,26/07/2023
15433704,Pennie,Frondt,pfrondtmh@webs.com,Male,triple,(577) 5478600,27/08/2023,12/09/2023
16314755,Thom,Heckney,theckneymi@acquirethisname.com,Male,triple,(719) 1623607,17/10/2023,18/10/2023
19964545,Daria,Haseley,dhaseleymj@nps.gov,Bigender,triple,(626) 1924843,09/08/2023,02/09/2023
12194539,Aldus,Wilcockes,awilcockesmk@phpbb.com,Male,suite,(525) 4214089,26/10/2023,11/11/2023
16490987,Ethelbert,McRavey,emcraveyml@ebay.co.uk,Male,suite,(979) 3666870,05/10/2023,29/10/2023
18502946,Brian,Farrent,bfarrentmm@buzzfeed.com,Male,triple,(278) 3154323,07/10/2023,21/10/2023
11780525,Delmore,Paulet,dpauletmn@blinklist.com,Male,suite,(288) 7041299,29/10/2023,5/11/2023
14514452,Wanids,Fernanando,wfernanandomo@ibm.com,Female,suite,(883) 4693666,30/08/2023,07/09/2023
11563703,Fleming,Yarmouth,fyarmouthmp@cnet.com,Male,doble,(243) 5499685,24/07/2023,06/08/2023
13116327,Rod,Normanville,rnormanvillemq@cargocollective.com,Male,triple,(126) 8671867,14/07/2023,02/08/2023
19899256,Deeyn,Dundredge,ddundredgemr@uiuc.edu,Female,simple,(488) 1435328,05/07/2023,20/07/2023
18739336,Heall,Pittson,hpittsonms@wikispaces.com,Male,triple,(180) 2056035,02/08/2023,10/08/2023
13709891,Derek,Antill,dantillmt@pen.io,Male,doble,(150) 3902956,18/07/2023,06/08/2023
12771764,Jonas,Fletham,jflethammu@msu.edu,Male,simple,(302) 6226605,21/10/2023,28/10/2023
18966953,Darell,Sansun,dsansunmv@163.com,Female,doble,(296) 8007878,02/08/2023,10/08/2023
13229480,Lorant,Josum,ljosummw@ibm.com,Male,suite,(240) 4651214,27/09/2023,20/10/2023
11939371,Susan,Angeau,sangeaumx@printfriendly.com,Female,doble,(996) 7061604,06/09/2023,24/09/2023
12677185,Vinnie,Walrond,vwalrondmy@meetup.com,Male,doble,(252) 6763996,05/07/2023,12/07/2023
10509380,Gregg,Housley,ghousleymz@prlog.org,Male,simple,(595) 7351141,01/07/2023,03/07/2023
19661600,Bertrand,Carlson,bcarlsonn0@ycombinator.com,Male,triple,(184) 6478116,04/08/2023,18/08/2023
17414128,Bord,Kleinhaut,bkleinhautn1@dion.ne.jp,Male,simple,(191) 6986080,23/09/2023,02/10/2023
17528535,Tarrance,Dunkerton,tdunkertonn2@linkedin.com,Male,triple,(412) 3554155,20/09/2023,02/10/2023
10346586,Fletcher,Popple,fpopplen3@nydailynews.com,Male,doble,(324) 9176648,10/07/2023,24/07/2023
15210795,Zorana,Lapham,zlaphamn4@issuu.com,Female,simple,(954) 1841428,04/08/2023,26/08/2023
13398787,Nesta,Binding,nbindingn5@smh.com.au,Female,simple,(761) 8409571,19/07/2023,07/08/2023
15608916,Daphne,Anstey,dansteyn6@blogger.com,Female,suite,(488) 6044729,30/08/2023,18/09/2023
12081858,Roana,Alexsandrev,ralexsandrevn7@friendfeed.com,Female,suite,(207) 2568180,16/10/2023,26/10/2023
18070266,Milton,Vinden,mvindenn8@sakura.ne.jp,Male,triple,(872) 3299178,09/07/2023,11/07/2023
18319828,Hamil,Wackley,hwackleyn9@nature.com,Male,suite,(283) 5173358,09/08/2023,01/09/2023
11770473,Melvyn,Gebuhr,mgebuhrna@opera.com,Male,triple,(735) 1248432,13/07/2023,05/08/2023
12736208,Myranda,Cudbird,mcudbirdnb@vkontakte.ru,Female,doble,(836) 4438701,27/07/2023,15/08/2023
10163254,Arvin,Showte,ashowtenc@storify.com,Male,simple,(917) 4659786,31/07/2023,06/08/2023
10262332,Gabi,Plum,gplumnd@comcast.net,Non-binary,triple,(993) 8794867,14/07/2023,17/07/2023
17065179,Dusty,Pepi,dpepine@etsy.com,Female,doble,(471) 5878947,14/07/2023,15/07/2023
13045225,Timothea,Eversfield,teversfieldnf@123-reg.co.uk,Female,suite,(590) 6378284,14/09/2023,18/09/2023
17597665,Thedric,Calles,tcallesng@youku.com,Male,simple,(151) 6178423,03/08/2023,06/08/2023
16486810,Abba,Slyvester,aslyvesternh@amazon.co.jp,Male,triple,(477) 1033493,04/10/2023,26/10/2023
19983740,Moise,Evequot,mevequotni@shutterfly.com,Male,doble,(764) 4704505,30/09/2023,21/10/2023
16999899,Liliane,Hendrichs,lhendrichsnj@eepurl.com,Female,triple,(602) 6662848,20/10/2023,2/11/2023
19740198,Ike,Braysher,ibrayshernk@cocolog-nifty.com,Male,doble,(233) 6276783,22/09/2023,23/09/2023
17405806,Carlo,Lamers,clamersnl@goo.gl,Male,simple,(217) 4527306,15/09/2023,17/09/2023
17827818,Josh,Furlonge,jfurlongenm@elpais.com,Male,simple,(369) 4520884,16/08/2023,25/08/2023
16872052,Thaine,De Benedictis,tdebenedictisnn@istockphoto.com,Male,triple,(234) 1256019,27/07/2023,14/08/2023
11494107,Heinrick,Hovie,hhovieno@behance.net,Male,suite,(770) 8113161,29/09/2023,21/10/2023
11699839,Luke,Bushnell,lbushnellnp@dropbox.com,Male,doble,(931) 1766980,19/10/2023,26/10/2023
19385761,Stephie,Raftery,srafterynq@acquirethisname.com,Female,doble,(880) 6389578,30/09/2023,11/10/2023
19783261,Butch,Mosdall,bmosdallnr@altervista.org,Male,doble,(275) 8473920,09/08/2023,18/08/2023
14507926,Willis,Colls,wcollsns@ow.ly,Male,suite,(353) 5600681,23/08/2023,30/08/2023
10744897,Ephrem,Karolewski,ekarolewskint@g.co,Male,doble,(345) 3814474,04/08/2023,11/08/2023
11345309,Ulrike,Kingett,ukingettnu@wiley.com,Female,simple,(297) 9217213,01/09/2023,10/09/2023
18596719,Pavia,Sille,psillenv@taobao.com,Female,suite,(828) 5027644,16/09/2023,07/10/2023
17375893,Anabelle,Jenoure,ajenourenw@time.com,Female,simple,(338) 6178089,18/10/2023,24/10/2023
12847358,Cecilia,Austen,caustennx@fastcompany.com,Female,simple,(582) 2925596,11/10/2023,30/10/2023
16970174,Tucky,Serck,tserckny@printfriendly.com,Male,doble,(938) 5937088,28/10/2023,14/11/2023
10193690,Dacie,Ream,dreamnz@flickr.com,Genderfluid,suite,(841) 2114813,02/07/2023,04/07/2023
17214182,Karita,Helsby,khelsbyo0@wsj.com,Female,triple,(778) 4284831,18/07/2023,30/07/2023
15973643,Flss,Clacson,fclacsono1@stanford.edu,Female,doble,(998) 9699137,05/09/2023,29/09/2023
11738391,Kayle,Ingilson,kingilsono2@techcrunch.com,Female,simple,(508) 6871876,04/09/2023,28/09/2023
19726301,Jone,Balnave,jbalnaveo3@exblog.jp,Male,suite,(247) 1059605,16/09/2023,04/10/2023
12441771,Gennifer,Caesman,gcaesmano4@joomla.org,Female,suite,(607) 9095745,06/07/2023,20/07/2023
13768509,Bert,Doran,bdorano5@google.nl,Agender,suite,(103) 3431665,17/09/2023,02/10/2023
18290279,Robbyn,Berwick,rberwicko6@fotki.com,Female,triple,(446) 1183981,13/10/2023,22/10/2023
11040363,Nicole,Dik,ndiko7@dailymotion.com,Female,doble,(460) 2661388,09/07/2023,17/07/2023
17456900,Wynn,Faulkner,wfaulknero8@hugedomains.com,Female,triple,(914) 7389557,29/09/2023,15/10/2023
18301306,Clemmy,Darrell,cdarrello9@constantcontact.com,Female,doble,(521) 4879629,18/09/2023,03/10/2023
10265881,Heindrick,Matyugin,hmatyuginoa@bbc.co.uk,Male,simple,(638) 5228989,05/08/2023,24/08/2023
12761775,Siegfried,Killoran,skilloranob@over-blog.com,Male,suite,(980) 9417704,23/10/2023,3/11/2023
12302378,Miquela,Matthews,mmatthewsoc@amazon.de,Female,suite,(471) 7744205,07/08/2023,20/08/2023
18795947,Olwen,Byng,obyngod@mapy.cz,Female,triple,(616) 9658096,30/09/2023,06/10/2023
18658025,Hadria,Painter,hpainteroe@cyberchimps.com,Bigender,suite,(816) 2957677,02/10/2023,07/10/2023
11754925,Matilda,Lydiard,mlydiardof@mysql.com,Female,suite,(559) 9767008,12/10/2023,15/10/2023
17351265,Kynthia,Maybery,kmayberyog@ustream.tv,Female,triple,(175) 2429786,22/10/2023,5/11/2023
16920005,Hortensia,Teaser,hteaseroh@fastcompany.com,Female,simple,(330) 6716419,12/09/2023,21/09/2023
19998198,Gawen,Appleyard,gappleyardoi@sina.com.cn,Male,doble,(467) 4273281,14/08/2023,21/08/2023
17762062,Dewain,Jellman,djellmanoj@51.la,Male,simple,(158) 1711589,21/08/2023,05/09/2023
11419762,Shara,Handforth,shandforthok@nifty.com,Female,triple,(919) 7482697,19/10/2023,1/11/2023
18805709,Dorree,Bovaird,dbovairdol@123-reg.co.uk,Non-binary,suite,(443) 3428213,24/07/2023,12/08/2023
13633448,Carlina,Nockalls,cnockallsom@house.gov,Female,suite,(895) 1315871,17/08/2023,28/08/2023
11183132,Fletcher,Ockendon,fockendonon@ftc.gov,Male,triple,(202) 9709915,16/07/2023,19/07/2023
12536489,Beau,Lennarde,blennardeoo@va.gov,Male,triple,(620) 1378625,17/10/2023,2/11/2023
11242936,Friederike,Minter,fminterop@ucla.edu,Bigender,suite,(342) 7546765,31/07/2023,03/08/2023
16916024,Desmond,Giacopetti,dgiacopettioq@photobucket.com,Male,doble,(591) 5867434,03/07/2023,21/07/2023
11028554,Christoffer,Pistol,cpistolor@mail.ru,Male,suite,(289) 5865912,20/10/2023,21/10/2023
10448914,Ashla,Korf,akorfos@homestead.com,Female,triple,(507) 7246572,29/10/2023,4/11/2023
12484852,Dorian,Garside,dgarsideot@usgs.gov,Female,simple,(555) 7180212,28/09/2023,07/10/2023
11163083,Donetta,Eskrick,deskrickou@nature.com,Female,triple,(143) 4623447,01/07/2023,06/07/2023
16073484,Cris,Heckney,checkneyov@wikimedia.org,Female,doble,(130) 2097028,21/07/2023,12/08/2023
11434868,Ardella,Rowlstone,arowlstoneow@wisc.edu,Female,triple,(114) 6860922,05/07/2023,20/07/2023
18647509,Davon,Martinot,dmartinotox@joomla.org,Male,doble,(327) 4129768,19/08/2023,23/08/2023
14487668,Timothee,Gorwood,tgorwoodoy@mysql.com,Male,simple,(453) 7599259,11/09/2023,02/10/2023
15843892,Forester,Rowntree,frowntreeoz@slashdot.org,Polygender,triple,(174) 2711761,04/10/2023,12/10/2023
19200864,Gardener,Chicken,gchickenp0@woothemes.com,Male,simple,(264) 5759197,24/07/2023,16/08/2023
15102971,Terrance,McVittie,tmcvittiep1@networkadvertising.org,Male,suite,(941) 4714412,02/08/2023,21/08/2023
17461955,Farah,Peare,fpearep2@time.com,Female,suite,(567) 1812586,22/07/2023,05/08/2023
17150772,Lory,Brognot,lbrognotp3@tiny.cc,Female,triple,(161) 6515446,26/09/2023,09/10/2023
16044870,Creight,Kimblin,ckimblinp4@fastcompany.com,Male,doble,(851) 5375577,03/07/2023,23/07/2023
19222543,Nickey,Gaythwaite,ngaythwaitep5@xinhuanet.com,Male,doble,(591) 1429093,09/08/2023,11/08/2023
13385725,Hally,Burds,hburdsp6@fc2.com,Female,triple,(961) 8377709,16/07/2023,08/08/2023
18751890,Engracia,Wedderburn,ewedderburnp7@meetup.com,Female,suite,(679) 2014095,24/07/2023,02/08/2023
11770525,Prisca,Hauxwell,phauxwellp8@baidu.com,Female,simple,(140) 6392617,04/08/2023,06/08/2023
18488825,Michail,Vela,mvelap9@creativecommons.org,Male,triple,(728) 9974156,14/10/2023,2/11/2023
15349056,Ram,Chewter,rchewterpa@sitemeter.com,Male,triple,(535) 2914466,04/07/2023,16/07/2023
11300750,Shandy,MacManus,smacmanuspb@nature.com,Female,simple,(824) 7412737,13/07/2023,04/08/2023
11262207,Graig,Josling,gjoslingpc@so-net.ne.jp,Male,doble,(235) 9425872,08/09/2023,20/09/2023
12573148,Melvin,Asmus,masmuspd@wp.com,Male,triple,(785) 4529206,16/10/2023,17/10/2023
10954050,Daryl,Charlet,dcharletpe@t-online.de,Female,doble,(760) 2155202,04/09/2023,27/09/2023
15640169,Melvyn,Elloy,melloypf@freewebs.com,Male,suite,(599) 5294428,10/09/2023,19/09/2023
13624696,Terrel,Yonnie,tyonniepg@tmall.com,Male,simple,(803) 5989185,27/08/2023,14/09/2023
18369513,Sig,Fetherston,sfetherstonph@quantcast.com,Male,suite,(731) 4948591,22/10/2023,30/10/2023
13688645,Stanley,McCombe,smccombepi@fastcompany.com,Male,doble,(373) 9057137,18/09/2023,05/10/2023
18545838,Stanly,Duffitt,sduffittpj@epa.gov,Male,simple,(315) 9597796,28/07/2023,02/08/2023
16420538,Ellie,Sayton,esaytonpk@huffingtonpost.com,Female,doble,(254) 4187351,12/09/2023,18/09/2023
14703244,Aidan,Decreuze,adecreuzepl@china.com.cn,Female,suite,(223) 4026916,17/10/2023,20/10/2023
15146872,Hughie,Andresser,handresserpm@shareasale.com,Male,doble,(722) 9480691,18/08/2023,12/09/2023
12296084,Michelina,Springell,mspringellpn@ocn.ne.jp,Female,suite,(753) 9560395,07/08/2023,21/08/2023
11794902,Cloe,Hinstridge,chinstridgepo@bbb.org,Polygender,doble,(828) 1217200,22/08/2023,13/09/2023
14780433,Germana,Cayley,gcayleypp@deliciousdays.com,Female,suite,(580) 8400588,09/07/2023,24/07/2023
10623565,Hobie,Sijmons,hsijmonspq@meetup.com,Male,triple,(657) 4458031,19/08/2023,28/08/2023
14492846,Naomi,Newing,nnewingpr@microsoft.com,Female,triple,(897) 1330388,19/07/2023,03/08/2023
14120647,Nichole,Duker,ndukerps@php.net,Female,suite,(569) 3367532,16/09/2023,06/10/2023
14900198,Clarence,Bolley,cbolleypt@skyrock.com,Male,simple,(146) 8127227,11/10/2023,20/10/2023
13000943,Vevay,Hebbs,vhebbspu@yale.edu,Female,simple,(861) 6077901,25/07/2023,28/07/2023
18477990,Jessamyn,O'Shea,josheapv@rakuten.co.jp,Female,suite,(814) 1175598,12/08/2023,23/08/2023
19603859,Garwood,Tissier,gtissierpw@unc.edu,Male,triple,(853) 2274519,30/09/2023,22/10/2023
10938273,Oralee,Wylder,owylderpx@acquirethisname.com,Female,suite,(421) 3645580,09/09/2023,17/09/2023
10851234,Junette,McOmish,jmcomishpy@examiner.com,Female,triple,(801) 2501762,27/07/2023,09/08/2023
12487405,Enrica,Cranna,ecrannapz@hhs.gov,Female,triple,(516) 1977589,03/09/2023,28/09/2023
11610697,Ferguson,Downes,fdownesq0@51.la,Male,simple,(291) 9762491,11/08/2023,02/09/2023
11857329,Adolpho,Adicot,aadicotq1@yellowpages.com,Male,simple,(137) 6921397,20/08/2023,09/09/2023
15191138,Jedd,Strongitharm,jstrongitharmq2@bizjournals.com,Male,doble,(922) 4294122,15/07/2023,27/07/2023
10512837,Nonie,Saltern,nsalternq3@springer.com,Female,simple,(199) 9529934,15/10/2023,8/11/2023
14614564,Dave,Yaxley,dyaxleyq4@usda.gov,Male,suite,(453) 4962074,16/10/2023,7/11/2023
13032602,Edward,Niblock,eniblockq5@about.me,Male,simple,(261) 5386522,09/09/2023,04/10/2023
19042440,Rodger,Durn,rdurnq6@angelfire.com,Male,suite,(910) 9571406,29/10/2023,5/11/2023
11861332,Gustaf,Deighton,gdeightonq7@theglobeandmail.com,Male,triple,(837) 2502724,12/08/2023,30/08/2023
11322194,Weber,Messom,wmessomq8@sfgate.com,Male,simple,(784) 6585594,13/10/2023,14/10/2023
13864965,Rey,Baird,rbairdq9@fda.gov,Female,doble,(121) 3341227,13/07/2023,24/07/2023
16259591,Titus,Betje,tbetjeqa@zdnet.com,Polygender,triple,(265) 4637993,21/10/2023,27/10/2023
17258801,Tan,Iseton,tisetonqb@toplist.cz,Male,simple,(216) 7939482,12/07/2023,20/07/2023
16696297,Boonie,Conisbee,bconisbeeqc@google.com.hk,Male,doble,(165) 5137343,30/07/2023,20/08/2023
15605404,Geri,Sprankling,gspranklingqd@amazon.co.uk,Male,triple,(256) 8413373,22/09/2023,17/10/2023
11373078,Easter,Rotherham,erotherhamqe@va.gov,Agender,triple,(544) 3585185,15/07/2023,02/08/2023
16356516,Robby,Jenney,rjenneyqf@elegantthemes.com,Male,triple,(561) 1174305,16/08/2023,31/08/2023
18599409,Cello,Dell 'Orto,cdellortoqg@symantec.com,Male,triple,(680) 4139839,20/08/2023,06/09/2023
15117929,Spence,Coltart,scoltartqh@godaddy.com,Male,triple,(400) 2842693,23/10/2023,10/11/2023
12683329,Michele,Mattiassi,mmattiassiqi@mlb.com,Female,triple,(271) 2484497,02/09/2023,03/09/2023
10569628,Cody,Becaris,cbecarisqj@elegantthemes.com,Male,suite,(509) 6882478,17/10/2023,29/10/2023
13166897,Marylinda,McClancy,mmcclancyqk@devhub.com,Female,doble,(313) 5137534,06/09/2023,21/09/2023
17133147,Nollie,Cutmere,ncutmereql@state.gov,Female,simple,(854) 9105788,09/08/2023,01/09/2023
10334908,Hadria,Chezier,hchezierqm@behance.net,Female,suite,(234) 8651066,02/09/2023,19/09/2023
14628927,Dennison,Lowseley,dlowseleyqn@vimeo.com,Male,simple,(300) 5532303,08/08/2023,19/08/2023
11059045,Kalie,Yarrington,kyarringtonqo@prweb.com,Female,simple,(163) 8978919,31/08/2023,10/09/2023
19356150,Gui,Chappell,gchappellqp@phpbb.com,Female,doble,(599) 2678241,25/07/2023,13/08/2023
16563316,Rabi,Wrigley,rwrigleyqq@earthlink.net,Male,suite,(815) 3776689,03/08/2023,11/08/2023
18168128,Cristy,Barfield,cbarfieldqr@youtube.com,Female,simple,(148) 3266060,25/07/2023,11/08/2023
13285374,Winfield,Sibbs,wsibbsqs@youtu.be,Male,triple,(994) 2932655,02/07/2023,05/07/2023
18609191,Ezekiel,Terron,eterronqt@webeden.co.uk,Male,doble,(297) 1285343,11/07/2023,17/07/2023
10517919,Julie,Anfrey,janfreyqu@paginegialle.it,Male,doble,(106) 4285374,12/07/2023,18/07/2023
16055585,Janaye,Hurdwell,jhurdwellqv@cdbaby.com,Female,doble,(563) 5907935,29/10/2023,16/11/2023
16943784,Beatrice,Kaiser,bkaiserqw@networkadvertising.org,Female,simple,(328) 7802444,17/07/2023,07/08/2023
18417042,Lou,Brittle,lbrittleqx@hao123.com,Male,simple,(176) 8274996,23/10/2023,15/11/2023
12817478,Abigale,Pawlowicz,apawlowiczqy@howstuffworks.com,Female,doble,(703) 2125331,15/08/2023,03/09/2023
12231656,See,Shapero,sshaperoqz@sciencedirect.com,Male,triple,(423) 8518492,31/07/2023,14/08/2023
19352867,Caterina,Vescovini,cvescovinir0@163.com,Female,triple,(486) 4848474,30/08/2023,04/09/2023
16411622,Guilbert,Schofield,gschofieldr1@vk.com,Male,suite,(187) 5835749,21/09/2023,13/10/2023
14455621,Magdalene,Hewes,mhewesr2@bloomberg.com,Female,doble,(435) 4131603,27/10/2023,7/11/2023
14596096,Cordi,Maffioni,cmaffionir3@fotki.com,Female,triple,(856) 3564707,30/09/2023,03/10/2023
17000862,Virgilio,Binnell,vbinnellr4@noaa.gov,Male,doble,(636) 9832608,24/09/2023,15/10/2023
19849354,Gayelord,Jain,gjainr5@google.com,Male,suite,(602) 2315972,03/07/2023,20/07/2023
11786262,Elvis,Sellick,esellickr6@hud.gov,Male,simple,(394) 5314864,21/08/2023,10/09/2023
10774925,Maybelle,Sturm,msturmr7@msn.com,Female,suite,(860) 6127689,19/09/2023,24/09/2023
13153225,Moyra,Waker,mwakerr8@meetup.com,Non-binary,triple,(381) 5453287,14/10/2023,25/10/2023
14017946,Ilyse,Ventum,iventumr9@reddit.com,Genderqueer,suite,(485) 9319904,15/10/2023,18/10/2023
10042859,Manfred,Gauntlett,mgauntlettra@pen.io,Male,suite,(674) 9174508,09/09/2023,17/09/2023
13264291,Karim,Arnley,karnleyrb@cbslocal.com,Male,doble,(762) 4779599,24/07/2023,25/07/2023
19272119,Ignazio,Tremoulet,itremouletrc@gravatar.com,Male,doble,(429) 4196857,06/07/2023,31/07/2023
10779786,Susette,Goldston,sgoldstonrd@imageshack.us,Genderqueer,simple,(162) 2740737,05/10/2023,27/10/2023
18872740,Lulita,Tunnadine,ltunnadinere@marketwatch.com,Female,simple,(510) 3576473,31/07/2023,10/08/2023
17113090,Andros,Trattles,atrattlesrf@marriott.com,Agender,simple,(103) 3744249,30/09/2023,08/10/2023
17882832,Verney,Hebden,vhebdenrg@cisco.com,Male,doble,(778) 3249205,17/10/2023,4/11/2023
10468229,Lenci,Brittoner,lbrittonerrh@walmart.com,Male,doble,(233) 7252576,19/07/2023,07/08/2023
18108229,Louisette,Laroux,llarouxri@admin.ch,Female,simple,(466) 5952224,15/10/2023,28/10/2023
12852650,Rhodia,Perceval,rpercevalrj@engadget.com,Polygender,triple,(916) 4959390,24/08/2023,01/09/2023
10637870,Ynez,Ridley,yridleyrk@pagesperso-orange.fr,Female,simple,(687) 1058027,01/10/2023,21/10/2023
15923410,Bradford,Maybey,bmaybeyrl@dagondesign.com,Male,doble,(950) 8079517,09/08/2023,21/08/2023
13830146,Shena,Torpie,storpierm@nifty.com,Female,suite,(871) 3287636,26/09/2023,02/10/2023
17067243,Craggy,Mattaus,cmattausrn@bizjournals.com,Male,triple,(275) 4132046,11/07/2023,12/07/2023
16636890,Dietrich,Belz,dbelzro@dell.com,Male,suite,(476) 5265065,23/07/2023,16/08/2023
19950482,Therine,Giannasi,tgiannasirp@nps.gov,Agender,doble,(756) 5582774,08/07/2023,27/07/2023
19694664,Jeannie,Brammar,jbrammarrq@nationalgeographic.com,Female,simple,(353) 9199290,04/09/2023,06/09/2023
17260509,Kaylyn,Feveryear,kfeveryearrr@bizjournals.com,Female,simple,(150) 8827982,02/07/2023,10/07/2023
